type,date,position,d,fscale,damage1,damage2,dead,hurt1,alldestroy,halfdestroy,detail
竜巻,1970/08/21 11:00頃,埼玉県 熊谷市,詳細,F1,1000,5,0,0,0,0,台風
その他(不明を含む),1970/08/06 18時頃,栃木県 河内郡上三川町,詳細,(F1〜F2),不明,不明,0,5,1,3,停滞前線
竜巻,1970/07/27 16:05頃,大分県 九重町,詳細,(F2),30〜50,2.0〜3.0,0,不明,0,4,寒気の移流・雷雨(熱雷)
竜巻,1970/07/07 02時頃,長崎県 福江市,詳細,F1,30〜40,1,0,#,1,0,熱帯低気圧(台風以外)
竜巻,1970/6/25 15:10,岩手県 江刺市,詳細,F0〜F1,不明,不明,0,0,不明,不明,不安定線・局地性降水・梅雨前線
竜巻,1969/12/7 18:00,愛知県 豊橋市,詳細,(F2〜F3),30〜150,4.9,1,69,10,46,二つ玉低気圧
竜巻,1969/11/18 7:08,山形県 酒田市,詳細,F1,不明,0.6〜0.8,0,0,0,0,気圧の谷
竜巻,1969/10/11 9:25,北海道根室支庁 (海上),詳細,不明,不明,不明,0,0,0,0,気圧の谷
その他(不明を含む),1969/09/24 02:00頃,愛知県 渥美郡赤羽根町,詳細,不明,不明,不明,0,0,0,0,台風
竜巻,1969/08/23 11:30頃,茨城県 行方郡麻生町,詳細,F1,70〜200,1,0,0,0,0,台風・局地性じょう乱
竜巻,1969/08/23 10:50頃,栃木県 小山市,詳細,(F1〜F2),20〜200,11,0,20,24,10,台風
竜巻,1969/08/23 10:15頃,千葉県 鴨川町,詳細,(F1〜F2),40〜50,3.8,0,#,0,20,台風
竜巻,1969/08/23 09:30頃,茨城県 猿島郡猿島町,詳細,(F2),20〜200,20,2,107,25,29,台風・局地性じょう乱
竜巻,1969/06/22 09:00頃,山口県 阿武郡須佐町,詳細,F1,15〜200,6.5,0,2,0,1,寒冷前線
その他(不明を含む),1968/09/24 19:30頃,宮崎県 児湯郡川南町,詳細,(F1〜F2),不明,不明,1,#,#,#,台風
竜巻,1968/09/24 19:20頃,宮崎県 高鍋町,詳細,(F2),50,2.1〜2.3,0,#,#,#,台風
竜巻,1968/09/24 19:05頃,宮崎県 高鍋町,詳細,(F2〜F3),50〜100,3.5〜3.7,0,#,#,#,台風
竜巻,1968/09/24 17:25頃,宮崎県 高鍋町,詳細,(F2),100,0.8,0,15,5,#,台風
竜巻,1968/09/24 15:30頃,宮崎県 宮崎市,詳細,F1,50〜150,12.0〜14.0,0,0,0,0,台風
竜巻,1968/08/28 12:30頃,高知県 南国市,詳細,(F1〜F2),不明,不明,0,0,5,不明,台風
竜巻,1968/01/08 09:50頃,新潟県 中頸城郡大潟町,詳細,F1,不明,不明,不明,不明,0,2,季節風
竜巻,1967/10/28 07時頃,山形県 尾花沢市,詳細,(F1〜F2),不明,不明,0,0,不明,不明,日本海低気圧・寒冷前線
竜巻,1967/10/28 03:12頃,千葉県 飯岡町,詳細,(F2〜F3),80〜150,11,0,#,#,#,台風
竜巻,1967/10/28 02:33頃,千葉県 大網白里町,詳細,(F2),60〜80,7,#,#,#,#,台風
竜巻,1967/10/28 02:05頃,千葉県 鴨川町,詳細,(F2),300,4,0,0,#,#,台風
竜巻,1967/3/23 15:04,千葉県 銚子市,詳細,(F1〜F2),60,1.5,0,32,不明,不明,寒冷前線
竜巻,1966/6/27 17:00,宮城県 加美郡小野田町,詳細,(F2),100以上,3.0〜3.5,0,6,不明,不明,寒冷前線・雷雨(熱雷)
竜巻,1966/6/6 11:13,静岡県 浜松市,詳細,F0〜F1,10,2.6,0,1,1,3,日本海低気圧
竜巻,1966/01/04 12:48頃,千葉県 南総町,詳細,(F2〜F3),30〜100,6,0,8,15,0,南岸低気圧・寒冷前線
竜巻,1965/10/14 21:40頃,東京都 大田区,詳細,(F1〜F2),1000以下,4,0,4,不明,不明,温暖前線
竜巻またはダウンバースト,1965/09/30 03:00頃,秋田県 西目村,詳細,F0〜F1,不明,0.6〜12.0,0,0,0,0,日本海低気圧・温暖前線
竜巻,1965/09/30 02:35頃,秋田県 秋田市,詳細,F1,150以下,3.3,0,1,0,1,日本海低気圧・温暖前線
竜巻,1965/9/5 11:40,青森県 むつ市,詳細,(F2),20〜35,1.5〜2.0,0,6,31,16,閉塞前線
竜巻,1965/08/21 09:15頃,東京都 大田区または世田谷区,詳細,(F1〜F2),50以上,0.2以上,0,6,不明,不明,台風
竜巻,1964/05/24 14:55頃,東京都 世田谷区,詳細,不明,350以下,4.5〜5.5,0,2,不明,不明,寒冷前線・暖気の移流
竜巻,1964/01/17 15:40頃,東京都 八丈町,詳細,F2,30〜70,5.5〜7.5,0,19,10,11,南岸低気圧
竜巻,1963/07/14 13:55頃,青森県 十和田市,詳細,F1,20,1,0,1,0,0,その他(低気圧)
竜巻,1962/12/30 08:25頃,静岡県 千浜村,詳細,(F1〜F2),20〜500,4.5〜9.0,0,1,4,14,二つ玉低気圧・温暖前線
竜巻,1962/10/13 20:30頃,北海道空知支庁 由仁町,詳細,(F2),不明,不明,0,3,1,不明,閉塞前線
竜巻,1962/09/28 14:20頃,北海道宗谷支庁 東利尻町,詳細,(F2),10,1.5,1,1,0,1,寒冷前線
竜巻,1962/08/26 08時頃,静岡県 榛原郡御前崎町,詳細,(F1〜F2),25,1.1,0,0,5,2,台風
竜巻,1962/08/26 04時頃,静岡県 浜松市,詳細,(F2),30〜60,15,0,18,27,168,台風
竜巻,1962/7/2 14:30,茨城県 稲敷郡東村,詳細,(F2),30〜50,15,2,65,6,36,温暖前線・梅雨前線・局地性じょう乱
竜巻,1961/11/22 6:37,静岡県 浜北町,詳細,(F2),40〜100,3.0〜3.5,0,14,4,6,二つ玉低気圧・寒冷前線
竜巻,1961/10/7 10:10,静岡県 清水市,詳細,F1,20,4,0,1,1,1,寒冷前線
竜巻,1961/9/15 10:15,愛知県 知多郡大府町,詳細,(F1〜F2),40,8.0〜9.5,0,14,6,5,台風
竜巻,1961/01/24 13:50頃,福岡県 北九州市,詳細,F1,不明,0.1,0,0,0,0,寒冷前線
竜巻,1961/01/24 13:45頃,鹿児島県 川辺郡知覧町,詳細,F1,不明,0.3,0,0,0,1,寒冷前線
竜巻,1980/10/31 09時頃,北海道日高支庁 門別町,詳細,(F1〜F2),不明,不明,0,3,1,25,閉塞前線
竜巻,1980/10/14 02:20頃,宮崎県 宮崎市,詳細,(F2),不明,16,0,15,3,26,台風
竜巻,1980/10/14 02:15頃,宮崎県 宮崎市,詳細,F1,100,9,0,0,0,2,台風
竜巻,1980/10/14 01時頃,宮崎県 宮崎市,詳細,F1,200,7.5〜8.0,0,0,0,0,台風
竜巻,1980/10/13 20:10頃,鹿児島県 中種子町,詳細,F1,20〜50,7,0,0,0,1,台風
竜巻,1980/8/28 23:40,長崎県 富江町,詳細,F1,20〜30,3,0,0,0,0,局地性じょう乱・暖気の移流
竜巻,1980/08/19 04時頃,千葉県 (海上),詳細,不明,不明,不明,1,不明,0,0,南岸低気圧・停滞前線
竜巻,1979/11/2 1:58,北海道渡島支庁 松前郡松前町,詳細,(F2),不明,不明,0,1,0,不明,日本海低気圧・温暖前線
竜巻,1979/10/31 13時頃,石川県 羽咋郡富来町,詳細,F0〜F1,20,不明,0,0,0,0,寒気の移流・日本海低気圧
竜巻,1979/9/4 13:27,愛知県 名古屋市,詳細,F1,50以下,15.0〜19.0,1,5,0,4,台風・局地性じょう乱
竜巻,1979/09/04 09:30頃,三重県 四日市市,詳細,F1,100〜250,不明,0,6,0,4,台風
その他(不明を含む),1979/09/03 17:45頃,大分県 大分市,詳細,F1,不明,不明,0,1,0,40,台風
竜巻,1979/9/3 16:29,宮崎県 宮崎市,詳細,F1,10〜30,2.3,0,0,0,1,台風
竜巻,1979/08/22 14:00頃,福岡県 福岡市,詳細,F1,300,1.0〜1.5,0,2,0,0,停滞前線・台風・暖気の移流
竜巻,1979/5/27 12:25,茨城県 鹿島郡旭村,詳細,(F1〜F2),100〜200,9,0,4,4,5,気圧の谷・寒気の移流・雷雨(熱雷を除く)
竜巻,1978/10/27 08:30頃,長崎県 西彼杵郡西彼町,詳細,F1,15〜50,1.5〜5.0,0,0,0,3,局地性じょう乱・寒冷前線・暖気の移流
竜巻,1978/08/14 10:40頃,北海道宗谷支庁 豊富町,詳細,不明,15〜20,1.2,0,0,2,9,日本海低気圧
竜巻,1978/2/28 21:20,神奈川県 川崎市,詳細,F2〜F3,200〜2000,40.0〜42.0,0,36,9,280,寒冷前線・暖気の移流
竜巻,1978/2/10 5:30,鹿児島県 加世田市,詳細,F1,30〜80,3.5,0,1,1,1,寒冷前線・暖気の移流
竜巻,1977/09/08 10:20頃,福岡県 福岡市,詳細,F1,50,3,0,0,0,0,寒冷前線・台風・寒気の移流
竜巻,1977/01/13 01:30頃,石川県 金沢市,詳細,F0〜F1,不明,不明,0,0,0,0,日本海低気圧・寒気の移流
竜巻,1976/10/23 7:20,沖縄県 南風原村,詳細,F1,5〜30,10.0〜18.0,0,1,0,20,東シナ海低気圧・暖気の移流
竜巻,1976/09/09 09:30頃,栃木県 真岡市,詳細,(F1〜F2),40〜80,7,0,2*,2*,7*,台風・閉塞前線
竜巻,1976/08/16 05:20頃,福岡県 遠賀郡芦屋町,詳細,(F1〜F2),200〜250,1.5,0,5,0,1,寒冷前線
竜巻,1976/8/3 18:00,愛知県 名古屋市,詳細,F1,30〜50,2.3,0,0,0,5,温暖前線
竜巻またはダウンバースト,1976/07/19 05:50頃,埼玉県 大里郡岡部町,詳細,(F2),100,2,#,#,1,不明,梅雨前線
竜巻,1976/04/07 01:00頃,千葉県 佐原市,詳細,F1,100〜200,7,0,0,0,1,南岸低気圧
竜巻,1976/02/28 14:00頃,鹿児島県 阿久根市,詳細,F1,30,0.5,0,0,8,5,不安定線
竜巻,1976/10/23 7:20,沖縄県 南風原村,詳細,F1,5〜30,10.0〜18.0,0,1,0,20,東シナ海低気圧・暖気の移流
竜巻,1976/09/09 09:30頃,栃木県 真岡市,詳細,(F1〜F2),40〜80,7,0,2*,2*,7*,台風・閉塞前線
竜巻,1976/08/16 05:20頃,福岡県 遠賀郡芦屋町,詳細,(F1〜F2),200〜250,1.5,0,5,0,1,寒冷前線
竜巻,1976/8/3 18:00,愛知県 名古屋市,詳細,F1,30〜50,2.3,0,0,0,5,温暖前線
竜巻またはダウンバースト,1976/07/19 05:50頃,埼玉県 大里郡岡部町,詳細,(F2),100,2,#,#,1,不明,梅雨前線
竜巻,1976/04/07 01:00頃,千葉県 佐原市,詳細,F1,100〜200,7,0,0,0,1,南岸低気圧
竜巻,1976/02/28 14:00頃,鹿児島県 阿久根市,詳細,F1,30,0.5,0,0,8,5,不安定線
竜巻,1974/10/20 15:00,北海道檜山支庁 檜山郡上ノ国町,詳細,(F1〜F2),50,2,0,0,0,0,寒冷前線
竜巻,1974/10/3 19:05,北海道檜山支庁 奥尻郡奥尻町,詳細,(F1〜F2),不明,不明,0,0,2,2,温暖前線
竜巻,1974/09/07 09時頃,静岡県 浜松市,詳細,F1,10,0.4,0,1,1,0,温暖前線
竜巻,1974/08/27 10時頃,静岡県 周智郡森町,詳細,F1,50,1,0,0,0,1,寒冷前線
竜巻,1974/08/08 05:05頃,秋田県 山本郡峰浜村,詳細,F0〜F1,不明,不明,0,0,0,0,寒冷前線
竜巻,1974/07/08 03時頃,静岡県 小笠郡浜岡町,詳細,(F1〜F2),10,2.5,0,0,2,0,台風・梅雨前線
竜巻,1974/07/08 03:00頃,静岡県 磐田郡福田町,詳細,F1,不明,不明,0,0,1,不明,台風・停滞前線
竜巻,1974/07/06 16:40頃,高知県 南国市,詳細,(F1〜F2),20,10,0,0,1,5,台風・暖気の移流
竜巻,1974/06/06 12:50頃,静岡県 静岡市,詳細,F0〜F1,不明,不明,0,4,0,0,気圧の谷
竜巻,1974/06/06 10:10頃,静岡県 浜北市,詳細,(F1〜F2),10〜30,2,0,0,3,不明,気圧の谷
その他(不明を含む),1974/05/24 16:45頃,東京都 三宅島三宅村,詳細,不明,不明,不明,0,3,0,1,寒冷前線
竜巻,1974/4/21 5:45,長崎県 西彼杵郡外海町,詳細,F1,40〜100,2.8,0,0,0,0,寒冷前線
竜巻,1974/03/13 時刻不明,福島県 いわき市,詳細,F1,不明,不明,0,0,0,0,移動性高気圧
竜巻,1974/03/11 14:35頃,群馬県 高崎市,詳細,(F1〜F2),50,0.2,0,0,0,0,寒気の移流
竜巻,1973/11/25 01:50頃,秋田県 秋田市,詳細,F0〜F1,不明,0.7,0,0,0,0,オホーツク海低気圧・寒冷前線
竜巻,1973/11/19 15時頃,新潟県 荒川町,詳細,F1,不明,不明,0,1,0,0,季節風
竜巻,1973/10/22 13:20頃,秋田県 秋田市,詳細,F1,100,0.1,0,2,0,不明,日本海低気圧・寒冷前線
竜巻,1973/09/27 23:00頃,北海道宗谷支庁 礼文町,詳細,F1,不明,不明,0,0,0,0,閉塞前線
じん旋風(つむじ風を含む),1973/07/02 15:30頃,長野県 茅野市,詳細,F1,不明,0.4〜0.5,0,0,0,0,雷雨(熱雷)・寒気の移流
竜巻,1973/05/21 16:30頃,石川県 羽咋郡押水町,詳細,F0〜F1,30,2,0,1,0,59,寒冷前線・日本海低気圧
竜巻,1973/01/30 時刻不明,福島県 二本松市,詳細,F0〜F1,不明,不明,0,0,0,0,寒冷前線・寒気の移流
竜巻,1973/01/19 11:45頃,三重県 菰野町,詳細,F1,不明,不明,0,0,0,1,季節風・局地性じょう乱
その他(不明を含む),1972/11/21 17時頃,富山県 黒部市,詳細,F1,不明,不明,0,#,0,0,寒冷前線・寒気の移流・季節風
竜巻,1972/11/21 17:05頃,富山県 黒部市,詳細,F1,不明,不明,0,1*,0,0,寒冷前線・寒気の移流・季節風
竜巻,1972/08/13 時刻不明,福島県 船引町,詳細,(F1〜F2),不明,不明,0,2,4,0,その他(高気圧)
竜巻,1972/8/4 11:52,青森県 三戸郡倉石村,詳細,F1,40〜80,0,0,0,0,0,寒冷前線・寒気の移流
その他(不明を含む),1972/08/03 15時頃,栃木県 足利市,詳細,F0〜F1,不明,不明,不明,不明,不明,不明,寒気の移流
竜巻,1972/07/12 15:15頃,岐阜県 関市,詳細,(F1〜F2),400,2,0,3,0,1,梅雨前線
竜巻,1972/06/06 23:30頃,鹿児島県 大島郡知名町,詳細,F1,50,不明,0,0,2,6,寒冷前線
竜巻,1972/06/06 20時頃,沖縄県 糸満市,詳細,(F1〜F2),30〜45,0.5〜0.6,1,9*,4*,16*,東シナ海低気圧・暖気の移流
竜巻,1972/06/06 20時頃,沖縄県 糸満市,詳細,不明,35〜40,0,#,#,#,#,東シナ海低気圧・暖気の移流
その他(不明を含む),1972/02/13 20:20頃,静岡県 磐田市,詳細,F0〜F1,20,3,0,0,不明,5,二つ玉低気圧
竜巻,1971/10/17 05:00頃,北海道留萌支庁 羽幌町,詳細,F0〜F1,不明,0.1〜0.2,0,0,#,#,寒気の移流
竜巻,1971/10/17 05:00頃,北海道留萌支庁 羽幌町,詳細,(F2),10〜30,1.0〜1.5,0,0,#,#,寒気の移流
竜巻,1971/09/08 02時頃,千葉県 飯岡町,詳細,(不明),不明,不明,不明,不明,不明,不明,台風
竜巻,1971/08/31 10:50頃,千葉県 飯岡町,詳細,不明,30〜40,2,0,1,1,8,台風
竜巻,1971/08/31 09:00頃,千葉県 千葉市,詳細,(F2),50〜100,2.5,#,#,#,#,台風
竜巻,1971/08/31 07:15頃,千葉県 鴨川市,詳細,不明,不明,不明,0,0,0,0,台風
竜巻,1971/08/31 04時頃,静岡県 清水市,詳細,F0〜F1,70,0.2,0,0,0,0,台風
竜巻,1971/08/23 14:00頃,福岡県 久留米市,詳細,(F2),30〜100,5.0〜6.0,0,1,1,10,寒冷前線
竜巻,1971/07/07 07:50頃,埼玉県 浦和市,詳細,(F3),100,3,1,11,5,1,台風
竜巻,1971/03/04 14:32頃,栃木県 那須塩原市,詳細,(F1〜F2),50〜200,不明,0,1,3,1,寒気の移流
竜巻,1971/02/01 00:20頃,石川県 河北郡内灘町,詳細,F1,不明,不明,0,0,1,1,日本海低気圧・寒冷前線
竜巻,1990/12/12 00:20頃,茨城県 海上〜那珂湊市,詳細,F1,30,5.5,0,0,0,0,寒気の移流・局地性じょう乱・その他
その他(不明を含む),1990/12/11 19:45頃,千葉県 銚子市,詳細,F0〜F1,400,2.5,0,0,0,0,暖気の移流・気圧の谷・寒冷前線
竜巻,1990/12/11 19:13,千葉県 茂原市,詳細,F3,500〜1200,6.5,1,73,82,161,暖気の移流・気圧の谷・寒冷前線
竜巻,1990/12/11 17:47,千葉県 鴨川市,詳細,(F2),1500〜2000,13,0,4,3,13,暖気の移流・気圧の谷・雷雨(熱雷を除く)
竜巻,1990/10/06 10:50頃,鹿児島県 川内市,詳細,F1,不明,3,0,2,0,0,台風
竜巻,1990/09/19 22:20頃,栃木県 壬生町,詳細,(F1〜F2),150,3.5,0,11,33,23,台風・寒冷前線
竜巻,1990/09/19 14時頃,静岡県 浜松市、舞阪町、雄踏町,詳細,不明,不明,不明,0,#,0,不明,台風
その他(不明を含む),1990/05/22 00:40頃,秋田県 秋田市,詳細,F0〜F1,50〜100,1.4,0,0,0,0,日本海低気圧・気圧の谷
竜巻,1990/04/06 02:55頃,石川県 羽咋郡富来町,詳細,F2,400〜900,10,0,7,4,15,オホーツク海低気圧・気圧の谷
竜巻,1990/04/03 22:15頃,沖縄県 国頭郡金武町,詳細,F2,150,1.5,0,16,0,0,寒冷前線
竜巻,1990/03/12 06:30頃,三重県 志摩郡志摩町,詳細,F1,20,1.5,0,0,0,0,日本海低気圧・寒冷前線
竜巻,1990/02/19 15:15頃,鹿児島県 枕崎市,詳細,(F2〜F3),200,3.0〜4.0,1,18,29,88,寒冷前線・暖気の移流・その他(低気圧)
竜巻,1989/09/22 14:00頃,大阪府 泉南郡岬町,詳細,F1,不明,不明,0,0,0,21,寒冷前線
竜巻,1989/07/11 17:40頃,岡山県 津山市,詳細,F2,100〜300,1.0〜1.5,0,1,0,0,太平洋高気圧・梅雨前線
竜巻,1989/07/04 16:15頃,沖縄県 沖縄市,詳細,F2,50〜70,1.5,0,0,0,0,停滞前線・暖気の移流
その他(不明を含む),1989/05/15 15:40頃,秋田県 仙北郡協和町,詳細,F1,不明,不明,1,2,0,3,オホーツク海低気圧・寒気の移流
竜巻,1989/3/16 19:20,島根県 簸川郡大社町,詳細,(F2),不明,不明,不明,不明,不明,不明,局地性じょう乱・寒気の移流
その他(不明を含む),1989/3/16 19:20,島根県 湖陵町,詳細,F1,不明,不明,不明,不明,不明,不明,局地性じょう乱・寒気の移流
竜巻,1989/01/20 13:30頃,神奈川県 綾瀬市,詳細,不明,50〜100,5,0,1,0,0,日本海低気圧
竜巻,1988/09/25 09:40頃,和歌山県 串本町,詳細,F1,30〜100,10,0,20,0,19,寒冷前線・暖気の移流
竜巻,1988/08/10 11:52頃,埼玉県 川島町,詳細,(F2),100〜300,3.3〜4.0,0,2,0,不明,雷雨(熱雷)・熱帯低気圧(台風以外)・その他
竜巻,1988/6/18 13:30,宮城県 小野田町,詳細,F1,300,1,0,1,0,0,寒気の移流・雷雨(熱雷を除く)
竜巻,1987/08/30 16:45頃,長崎県 富江町,詳細,F1,不明,0.5,0,0,0,27,台風
竜巻,1987/8/10 13:05,岩手県 二戸市,詳細,F0〜F1,不明,不明,#,#,#,#,雷雨(熱雷)・移動性高気圧・寒気の移流
竜巻,1987/01/11 02時頃,秋田県 八竜町,詳細,F1,不明,20,0,0,#,#,その他(低気圧)
竜巻,1987/1/11 1:32,秋田県 南秋田郡若美町,詳細,F0〜F1,不明,18,0,0,#,#,その他(低気圧)
竜巻,1987/1/5 7:55,沖縄県 勝連町,詳細,(F2),20〜60,0.8〜0.9,0,2,0,3,寒冷前線
竜巻,1986/12/19 時刻不明,静岡県 湖西市,詳細,F0〜F1,不明,不明,0,0,0,3,二つ玉低気圧
竜巻,1986/12/19 01:30頃,愛知県 渥美郡赤羽根町,詳細,F1,20,0.4,0,1,0,5,閉塞前線
竜巻,1986/06/24 15:35頃,広島県 三和町,詳細,(F2),50以下,10.0以下,0,1,1,3,停滞前線・暖気の移流
竜巻,1985/10/05 18:45頃,高知県 高知市,詳細,F1,300,4,0,29,1,28,台風・大陸高気圧・暖気の移流
竜巻,1985/10/05 18:40頃,高知県 土佐市,詳細,F1,200,1.5,0,0,0,1,台風・太平洋高気圧・暖気の移流
竜巻,1985/9/28 13:55,鹿児島県 枕崎市,詳細,(F1〜F2),30〜50,3,0,7,0,5,東シナ海低気圧
竜巻,1985/08/31 05:30頃,宮崎県 日向市,詳細,(F1〜F2),30〜200,4.5,0,#,#,不明,台風・暖気の移流
竜巻,1985/08/12 09:00頃,宮崎県 児湯郡新富町,詳細,F2,200,10,0,14,3,12,台風・暖気の移流
竜巻,1985/07/11 01:30頃,岐阜県 本巣郡穂積町,詳細,F2,150〜200,5,0,1,0,7,日本海低気圧
竜巻,1985/06/23 14:30頃,福岡県 北九州市,詳細,F1,500〜1000,3,0,3,0,18,梅雨前線・暖気の移流
竜巻,1984/11/19 22:00頃,鳥取県 米子市,詳細,F1,30〜50,0.8,0,0,0,1,寒冷前線
じん旋風(つむじ風を含む),1984/04/14 14:00頃,北海道十勝支庁 士幌町,詳細,F0,0〜10,0.0〜0.1,1,1,0,0,移動性高気圧・寒気の移流
竜巻,1983/9/27 7:05,長崎県 南松浦郡富江町,詳細,F1,40〜50,4,0,0,1,23,台風
竜巻またはダウンバースト,1983/09/25 15:30頃,沖縄県 東村,詳細,F1,不明,不明,0,2,1,0,台風
竜巻,1983/09/25 15:00頃,沖縄県 伊是名村,詳細,(F2),50,2.0〜3.0,0,29*,18*,11*,台風
竜巻,1983/07/30 17:30頃,岡山県 津山市,詳細,(F1〜F2),不明,不明,0,0,0,5,太平洋高気圧・暖気の移流
その他(不明を含む),1983/07/27 17時頃,千葉県 茂原市,詳細,不明,不明,不明,0,#,#,#,寒気の移流・寒冷前線
竜巻またはダウンバースト,1983/07/27 16:00頃,千葉県 白井町,詳細,不明,不明,不明,0,#,#,#,寒気の移流・寒冷前線
竜巻,1983/04/04 00:40頃,熊本県 阿蘇郡一の宮町,詳細,F1,50〜100,1,0,0,0,0,寒冷前線
竜巻,1983/04/04 00:40頃,熊本県 阿蘇郡阿蘇町,詳細,F1,30〜50,2,0,0,0,0,寒冷前線
竜巻,1983/04/04 00:30頃,熊本県 玉名郡長洲町,詳細,F1,50〜100,4,0,0,0,0,寒冷前線
竜巻,1983/03/12 06:20頃,沖縄県 糸満市,詳細,F1,30〜50,4.2,0,0,0,0,東シナ海低気圧・その他
竜巻,1981/08/22 11:30頃,群馬県 群馬郡箕郷町,詳細,(F2),50〜100,0.5,0,0,2,39,台風
竜巻,1981/06/29 16:20頃,大分県 日田市,詳細,F1,30〜100,0.2〜7.0,0,0,0,33,梅雨前線・雷雨(熱雷を除く)
竜巻,1981/06/29 15:35頃,佐賀県 佐賀郡川副町,詳細,F1,50〜60,10,0,31*,0,0,梅雨前線
竜巻,1981/03/15 13:27頃,千葉県 松戸市,詳細,F0〜F1,不明,不明,0,2,0,0,日本海低気圧・寒冷前線
竜巻,2000/12/25 13:37,東京都 大島町,詳細,F1,0以上,0.0〜1.0,0,0,0,1,寒気の移流
その他(不明を含む),2000/12/06 14:20頃,富山県 (海上),詳細,不明,不明,不明,0,0,0,0,寒気の移流
その他(不明を含む),2000/10/2 14:30,石川県 輪島市,詳細,F0〜F1,50,不明,0,0,0,0,気圧の谷
その他(不明を含む),2000/09/12 10:50頃,東京都 足立区,詳細,F0,不明,不明,0,0,0,0,停滞前線・暖気の移流
その他(不明を含む),2000/09/12 01時頃,愛知県 蒲郡市,詳細,不明,30,0.1,0,0,0,0,台風・停滞前線
竜巻,2000/9/11 19:55,愛知県 名古屋市,詳細,F2,70以下,3.4以下,0,0,0,#,台風・停滞前線
竜巻,2000/9/11 17:55,愛知県 南知多町,詳細,F2,100以下,7.5〜8.0,0,#,#,#,台風・停滞前線
竜巻,2000/09/11 08:10頃,和歌山県 新宮市,詳細,F0〜F1,20〜100,1,0,3,0,0,台風・停滞前線・暖気の移流
竜巻,2000/09/05 13:00頃,鹿児島県 (海上),詳細,不明,不明,不明,0,0,0,0,その他
ダウンバースト,2000/08/23 06:00頃,岩手県 一関市,詳細,F0〜F1,600,6,0,0,0,0,日本海低気圧・寒気の移流・雷雨(熱雷を除く)
竜巻,2000/08/07 17:55頃,千葉県 (海上),詳細,不明,0,0,0,0,0,0,雷雨(熱雷)
竜巻,2000/8/2 16:20,山形県 高畠町,詳細,F1,不明,0.4〜0.6,0,0,0,不明,太平洋高気圧・雷雨(熱雷)
ガストフロント,2000/07/25 09:30頃,北海道上川支庁 旭川市,詳細,F1,1000,11,0,5,0,11,停滞前線・雷雨(熱雷を除く)
竜巻,2000/07/25 06:30頃,福井県 坂井郡三国町,詳細,不明,100,不明,0,0,0,0,停滞前線
竜巻,2000/07/25 06:20頃,福井県 福井市,詳細,不明,100,不明,0,0,0,0,停滞前線
竜巻,2000/07/04 14:50頃,長野県 佐久市,詳細,F1,200,1.2,0,0,0,0,雷雨(熱雷)・寒気の移流
竜巻,2000/05/08 17:20頃,秋田県 平鹿郡平鹿町,詳細,F1,20以下,1.2以下,0,0,0,不明,日本海低気圧・局地性じょう乱
その他(不明を含む),2000/04/20 04時頃,静岡県 浜松市,詳細,F0,不明,0.0以下,0,0,0,0,南岸低気圧
その他(不明を含む),2000/03/28 17:05頃,高知県 いの町,詳細,F1,200〜300,4.0〜5.0,0,2,2,14,日本海低気圧・寒冷前線
じん旋風(つむじ風を含む),2000/02/25 13:40頃,群馬県 前橋市,詳細,F1,10,0.1,0,0,0,0,季節風
その他(不明を含む),1999/12/20 18:40頃,福井県 坂井郡三国町,詳細,不明,20,0.1〜0.2,0,0,0,0,日本海低気圧
その他(不明を含む),1999/11/28 13:50頃,富山県 (海上),詳細,不明,不明,不明,0,0,0,0,寒気の移流
竜巻,1999/11/25 15:40頃,秋田県 八森町,詳細,(F1〜F2),100以下,1,0,1,4,不明,日本海低気圧・寒冷前線
竜巻,1999/11/15 5:07,高知県 大方町,詳細,F0〜F1,100,0.7,0,0,0,0,日本海低気圧・寒気の移流
その他(不明を含む),1999/11/09 10:20頃,富山県 (海上),詳細,不明,不明,不明,0,0,0,0,寒気の移流
竜巻,1999/11/02 16:40頃,静岡県 静岡市,詳細,不明,不明,不明,0,0,0,0,その他(前線)・寒気の移流
竜巻,1999/11/1 7:00,愛知県 西尾市,詳細,F1,50,2.3,0,0,0,0,日本海低気圧
竜巻,1999/10/29 21:25頃,秋田県 能代市,詳細,F0〜F1,50〜150,0.5,0,0,0,2,寒冷前線
その他(不明を含む),1999/10/29 19:30,北海道渡島支庁 松前郡松前町,詳細,(F1〜F2),45〜50,0.5,0,0,0,0,暖気の移流
竜巻,1999/10/28 07:35頃,群馬県 群馬県水上町,詳細,F1,20,1,0,0,0,0,南岸低気圧
竜巻,1999/10/27 21:00頃,茨城県 多賀郡十王町,詳細(D),F1,30〜100,4,0,0,不明,不明,南岸低気圧
竜巻,1999/10/20 07:30頃,香川県 (海上),詳細,不明,0,0,0,0,0,0,大陸高気圧・寒気の移流・暖気の移流
竜巻,1999/10/8 9:30,石川県 (海上),詳細,不明,不明,不明,0,0,0,0,寒冷前線
竜巻,1999/10/7 11:40,北海道宗谷支庁 (海上),詳細,不明,不明,不明,0,0,0,0,気圧の谷
その他(不明を含む),1999/9/27 21:00,茨城県 十王町、高萩市,詳細,不明,不明,不明,不明,不明,不明,不明,停滞前線・気圧の谷
竜巻,1999/9/24 12:51,愛知県 海部郡弥富町,詳細,F1,50,2,0,0,0,0,台風
竜巻,1999/9/24 12:10,愛知県 小坂井町,詳細,F2,200以下,8,0,38,1,2,台風
竜巻,1999/9/24 11:56,愛知県 蒲郡市,詳細,F1,100以下,2,0,0,0,0,台風
竜巻,1999/9/24 11:07,愛知県 豊橋市,詳細,F3,50〜550,18,0,415,40,309,台風
竜巻,1999/09/24 08:00頃,山口県 小野田市,詳細,F2,100〜200,5,0,13,#,#,台風
竜巻,1999/09/24 03:00頃,高知県 南国市,詳細,F1,不明,0.1〜0.2,0,0,0,0,台風・暖気の移流
竜巻,1999/09/23 18:55頃,長崎県 式見町,詳細,F0〜F1,不明,不明,0,0,0,39,停滞前線・局地性じょう乱・台風
竜巻,1999/09/18 14:30頃,沖縄県 (海上),詳細,不明,不明,不明,0,0,0,0,気圧の谷
その他(不明を含む),1999/09/15 12:10頃,滋賀県 犬上郡甲良町,詳細,F1,不明,2.6,0,0,0,0,台風・停滞前線
その他(不明を含む),1999/09/15 11時頃,京都府 京都市,詳細,F0,100,0.4,0,0,0,#,台風
竜巻,1999/08/23 13:30頃,福岡県 八女郡黒木町,詳細,F1,50,3.5,0,0,0,0,停滞前線・暖気の移流
竜巻,1999/08/21 11:00頃,山口県 阿知須町,詳細,(F1〜F2),不明,不明,0,0,0,0,暖気の移流・雷雨(熱雷)
竜巻,1999/08/12 10:18頃,沖縄県 (海上),詳細,不明,不明,不明,0,0,0,0,気圧の谷
その他(不明を含む),1999/07/27 01:00頃,静岡県 掛川市,詳細,F0,20以下,0.3以下,0,0,0,0,台風
竜巻,1999/07/21 11:20頃,沖縄県 (海上),詳細,不明,不明,不明,0,0,0,0,熱帯低気圧(台風以外)
竜巻,1999/07/03 12:30頃,沖縄県 (海上),詳細,不明,不明,不明,0,0,0,0,停滞前線・暖気の移流
竜巻,1999/06/30 09:30頃,静岡県 富士市,詳細,F0,20,0.3,0,0,0,0,日本海低気圧・寒冷前線
ダウンバースト,1999/06/29 07:50頃,福岡県 粕屋郡志免町,詳細,F1,70,0.4,0,0,0,0,その他(低気圧)・寒冷前線
ダウンバースト,1999/06/29 07:50頃,福岡県 粕屋郡志免町,詳細,F1,70,0.4,0,0,0,0,寒冷前線
その他(不明を含む),1999/06/27 14時頃,静岡県 浜松市,詳細,F0,40,0.1,0,0,0,0,寒冷前線
その他(不明を含む),1999/05/14 14:10頃,長野県 飯田市,詳細,F0,不明,不明,0,0,0,0,気圧の谷
竜巻,1999/5/10 10:10,高知県 (海上),詳細,不明,0,0,0,0,0,0,気圧の谷
竜巻,1999/05/04 09:50頃,愛知県 渥美郡赤羽根町,詳細,F1,50,0.5,0,0,0,0,日本海低気圧
竜巻,1999/04/10 16:00頃,高知県 芸西村,詳細,F1,300,2,0,0,0,0,その他(低気圧)・気圧の谷
竜巻,1998/11/15 22:30頃,山形県 酒田市,詳細,F1,40〜60,0.1〜0.2,0,0,0,0,寒冷前線
竜巻,1998/10/31 8:40,石川県 (海上),詳細,不明,不明,不明,0,0,0,0,日本海低気圧
竜巻,1998/10/30 09:49頃,沖縄県 (海上),詳細,不明,不明,不明,0,0,0,0,気圧の谷
その他(不明を含む),1998/10/25 09:20頃,新潟県 (海上),詳細,不明,不明,不明,不明,不明,不明,不明,寒気の移流
竜巻,1998/10/17 15:00頃,宮崎県 日向市,詳細,F0,60〜100,0.5〜0.6,0,1,0,2,台風
竜巻,1998/10/17 14:50頃,宮崎県 児湯郡川南町,詳細,F0〜F1,30,3.9〜4.0,0,0,0,0,台風
竜巻,1998/09/24 17:27頃,沖縄県 (海上),詳細,不明,不明,不明,0,0,0,0,気圧の谷
竜巻,1998/09/24 15時頃,京都府 久美浜町,詳細,不明,不明,不明,0,0,0,0,停滞前線・暖気の移流
その他(不明を含む),1998/09/21 12:35頃,栃木県 足利市,詳細,F0〜F1,不明,不明,0,0,0,0,台風・太平洋高気圧
竜巻,1998/09/21 11:30頃,埼玉県 深谷市,詳細(D),F0〜F1,10〜100,18,0,10,0,6,台風
竜巻,1998/9/18 16:02,宮崎県 宮崎市,詳細,F1,20〜30,1.5〜2.0,0,5,0,1,台風
竜巻,1998/9/16 5:23,宮城県 名取市,詳細,F1,50,0.8〜1.0,0,0,0,#,台風・暖気の移流
竜巻,1998/09/15 08:50頃,北海道空知支庁 新十津川市,詳細,F1,150〜250,0.6〜0.7,0,0,0,0,寒冷前線
竜巻,1998/9/2 10:30,長崎県 (海上),詳細,不明,0,0,0,0,0,0,気圧の谷・局地性じょう乱
竜巻,1998/08/31 15:10頃,熊本県 上益城郡益城町,詳細,F0,20,0.1,0,0,0,0,局地性じょう乱
ダウンバースト,1998/08/26 11:45頃,宮城県 黒川郡大郷町,詳細,F1,400,0.6,0,0,0,0,寒冷前線
竜巻,1998/07/28 16:00頃,秋田県 平鹿郡大雄村,詳細,F0,不明,不明,0,0,0,0,局地性じょう乱・寒気の移流
その他(不明を含む),1998/05/08 15:30頃,岐阜県 加茂郡七宗町,詳細,F1,不明,不明,0,0,0,0,寒冷前線
竜巻,1998/04/18 13:15頃,高知県 (海上),詳細,不明,0,0,0,0,0,0,南岸低気圧
竜巻,1998/2/19 23:43,沖縄県 南大東村,詳細,F1,50,2.6〜2.9,0,0,0,0,その他(低気圧)
竜巻,1998/02/17 02:30頃,沖縄県 久米島具志川村,詳細,F1〜F2,20〜100,4,0,1,0,0,停滞前線
竜巻,1998/2/14 19:55,沖縄県 竹富町,詳細,F0,50,0.2,0,13,0,0,寒冷前線
竜巻,1998/01/14 10:50頃,沖縄県 豊見城村,詳細,F0,5〜10,1.1〜1.5,0,0,0,0,寒冷前線・暖気の移流
その他(不明を含む),1998/01/06 20:50頃,富山県 黒部市,詳細,F0,不明,0.2,0,0,0,0,寒気の移流・季節風
その他(不明を含む),1997/12/02 15時頃,島根県 不明,詳細,不明,不明,不明,0,0,0,0,季節風・寒気の移流
竜巻,1997/11/28 9:30,鹿児島県 知名町,詳細,F0,10,3,0,0,0,0,東シナ海低気圧・暖気の移流
竜巻,1997/11/17 08時頃,東京都 八丈町,詳細,F1,30,5,0,6,4,4,温暖前線・暖気の移流
その他(不明を含む),1997/10/26 13:00頃,富山県 (海上),詳細,不明,不明,不明,0,0,0,0,寒気の移流・季節風
竜巻,1997/10/20 10:00頃,北海道石狩支庁 千歳市,詳細,F1,80〜150,8.5〜9.0,0,0,0,0,寒冷前線
竜巻,1997/10/20 09:45頃,北海道胆振支庁 苫小牧市,詳細,F1,500,1,0,0,0,0,寒冷前線
竜巻,1997/10/15 11時頃,沖縄県 (海上),詳細,不明,不明,不明,0,0,0,0,停滞前線・暖気の移流
その他(不明を含む),1997/10/14 17:43,熊本県 熊本市,詳細,F0,不明,不明,0,0,0,0,寒冷前線
竜巻,1997/10/14 14:15頃,長崎県 壱岐郡郷ノ浦町,詳細,F1,100,5,0,0,0,0,局地性じょう乱・寒冷前線・暖気の移流
竜巻,1997/10/14 13:45,長崎県 壱岐郡郷ノ浦町,詳細,F1〜F2,100,5,1,0,0,0,寒冷前線・局地性じょう乱・暖気の移流
その他(不明を含む),1997/10/08 11時頃,石川県 小松市,詳細,不明,30,0.3〜5.0,0,0,0,0,寒冷前線
竜巻,1997/10/07 12:50頃,北海道胆振支庁 苫小牧市,詳細,F1,200〜300,2.5,0,0,0,0,雷雨(熱雷を除く)・暖気の移流・寒気の移流
竜巻,1997/10/05 09:40頃,福岡県 (海上),詳細,不明,不明,不明,0,0,0,0,寒冷前線
竜巻,1997/09/28 06:50頃,愛媛県 (海上),詳細,不明,0,0,0,0,0,0,寒気の移流
竜巻,1997/9/16 13:19,高知県 南国市,詳細,F1,15,0.1,0,0,0,0,台風・暖気の移流
その他(不明を含む),1997/09/14 17時頃,鹿児島県 上屋久町,詳細,不明,不明,不明,不明,不明,不明,不明,台風
竜巻,1997/09/14 06:50頃,鹿児島県 熊毛郡中種子町,詳細,F1,30〜90,0.5,0,0,1,0,台風
竜巻,1997/9/6 15:30,高知県 (海上),詳細,不明,0,0,0,0,0,0,停滞前線・暖気の移流
その他(不明を含む),1997/9/6 10:00,長崎県 (海上),詳細,不明,不明,不明,不明,0,0,0,温暖前線
竜巻,1997/08/26 18:20頃,新潟県 (海上),詳細,不明,不明,不明,0,0,0,0,寒気の移流
竜巻,1997/5/23 11:50,高知県 (海上),詳細,不明,0,0,0,0,0,0,移動性高気圧・暖気の移流
ダウンバースト,1997/05/20 10時頃,岡山県 岡山市,詳細,F0,不明,不明,不明,不明,不明,0,不安定線・雷雨(熱雷を除く)
竜巻,1997/05/20 13:30頃,和歌山県 (海上),詳細,不明,不明,不明,0,0,0,0,南岸低気圧・寒気の移流
竜巻,1997/5/3 10:50,沖縄県 (海上),詳細,不明,不明,不明,0,0,0,0,寒冷前線
その他(不明を含む),1997/04/16 15時頃,長野県 諏訪郡富士見町,詳細,不明,不明,不明,0,1,0,0,気圧の谷
竜巻,1997/04/07 17:20頃,神奈川県 横浜市,詳細,F0〜F1,不明,不明,0,0,0,0,雷雨(熱雷を除く)
竜巻,1997/03/29 12:00頃,沖縄県 糸満市,詳細,F2,20〜40,18,0,5,1,2,寒冷前線
ガストフロント,1997/02/21 17:10頃,静岡県 静岡市,詳細,F0〜F1,不明,不明,0,0,不明,不明,寒冷前線
竜巻,1997/1/22 9:20,新潟県 新潟市,詳細,F0,80,0.4,0,0,0,0,寒気の移流
その他(不明を含む),1997/01/21 14:15頃,島根県 江津市,詳細,F0〜F1,不明,不明,0,0,0,0,季節風・寒気の移流
その他(不明を含む),1996/12/17 0:37,高知県 土佐清水市,詳細,F0,不明,不明,0,0,0,0,暖気の移流
その他(不明を含む),1996/12/06 14:30頃,富山県 (海上),詳細,不明,不明,不明,0,0,不明,不明,寒気の移流
その他(不明を含む),1996/12/05 09:52頃,山梨県 富士吉田市,詳細,F1,100,0.1,0,0,0,1,日本海低気圧・閉塞前線・暖気の移流
竜巻,1996/11/30 07:05頃,新潟県 柏崎市,詳細,F1,40,0.2,0,0,0,0,寒気の移流
その他(不明を含む),1996/11/28 12:00頃,富山県 (海上),詳細,不明,不明,不明,0,0,0,0,寒気の移流
竜巻,1996/10/08 23:07頃,北海道留萌支庁 遠別町,詳細,F1,30,0.2,0,0,0,0,気圧の谷・寒気の移流
竜巻,1996/10/04 08:45頃,愛媛県 (海上),詳細,不明,不明,不明,0,0,0,0,日本海低気圧・寒気の移流
その他(不明を含む),1996/10/04 08:40頃,愛媛県 (海上),詳細,不明,0,0,0,0,0,0,寒気の移流
その他(不明を含む),1996/09/11 06:05頃,北海道宗谷支庁 歌登町,詳細,F1,300,1.6,0,0,0,0,気圧の谷・寒気の移流
竜巻,1996/09/05 10:20頃,秋田県 由利郡金浦町,詳細,不明,0,0,0,0,0,0,日本海低気圧・寒冷前線
竜巻,1996/8/4 13:52,長崎県 大村市,詳細,F0,10,1,0,0,0,0,局地性じょう乱
その他(不明を含む),1996/07/19 15:22頃,長野県 北佐久郡軽井沢町,詳細,F0〜F1,不明,不明,0,0,0,0,熱帯低気圧(台風以外)・暖気の移流
ダウンバースト,1996/07/15 14:50頃,栃木県 小山市,詳細,F0〜F1,不明,不明,0,0,0,71,梅雨前線・太平洋高気圧
ダウンバースト,1996/7/15 14:50,茨城県 下館市,詳細,F1〜F2,1500〜3000,2.5〜4.0,1,19,1,69,停滞前線・寒気の移流・雷雨(熱雷を除く)
竜巻,1996/07/05 15:00頃,千葉県 八街市,詳細(D),F1,30〜100,5.5,0,0,0,#,日本海低気圧・温暖前線
竜巻,1996/07/05 14:40頃,千葉県 千葉市,詳細(D),F2,700以下,7.0以下,0,6,0,11*,日本海低気圧・温暖前線
その他(不明を含む),1996/07/05 14:15頃,岐阜県 美濃加茂市,詳細,F1,不明,不明,0,0,0,0,暖気の移流・雷雨(熱雷を除く)
ガストフロント,1996/07/05 11時頃,静岡県 磐田郡豊田町,詳細,F1,不明,不明,0,0,0,0,日本海低気圧・暖気の移流
竜巻,1996/07/01 06:10頃,鹿児島県 喜入町,詳細,F1,250〜300,1.5,0,0,不明,不明,停滞前線
その他(不明を含む),1996/06/18 17:30頃,三重県 四日市市,詳細,不明,不明,不明,0,0,0,0,日本海低気圧・寒冷前線
じん旋風(つむじ風を含む),1996/06/06 13時頃,静岡県 函南町,詳細,不明,不明,不明,0,0,0,0,移動性高気圧
ダウンバースト,1996/05/22 02:05頃,大分県 玖珠町,詳細,F1,300〜800,4.5,0,0,0,2,寒気の移流
その他(不明を含む),1996/04/18 02:10頃,和歌山県 すさみ町,詳細,F0,30,0.1,0,0,0,0,日本海低気圧・寒冷前線
じん旋風(つむじ風を含む),1996/4/12 14:10,茨城県 ひたちなか市,詳細,不明,不明,不明,0,0,0,0,寒気の移流・局地性じょう乱
竜巻,1996/03/30 05時頃,鹿児島県 枕崎市,詳細,F1,不明,0.5,0,0,0,0,寒冷前線・日本海低気圧
その他(不明を含む),1996/3/11 15:00,石川県 河北郡内灘町,詳細,不明,不明,不明,0,0,0,0,寒冷前線
その他(不明を含む),1996/1/8 14:30,高知県 土佐山田町,詳細,F0,30,0.1,0,0,0,0,大陸高気圧・季節風
竜巻,1995/12/1 13:51,石川県 (海上),詳細,不明,不明,不明,0,0,0,0,寒気の移流
その他(不明を含む),1995/11/24 10:50頃,富山県 (海上),詳細,不明,不明,不明,#,#,#,#,寒気の移流・雷雨(熱雷を除く)
その他(不明を含む),1995/11/24 10:50頃,富山県 (海上),詳細,不明,不明,不明,#,#,#,#,寒気の移流・雷雨(熱雷を除く)
その他(不明を含む),1995/11/07 23時頃,静岡県 小笠郡浜岡町,詳細,F0〜F1,不明,不明,0,0,0,不明,寒冷前線
その他(不明を含む),1995/11/02 14時頃,富山県 (海上),詳細,不明,不明,不明,不明,不明,不明,不明,寒気の移流
竜巻,1995/09/23 09:05頃,沖縄県 与那城町,詳細,F1,3〜9,0.0〜0.1,0,0,0,0,台風
竜巻,1995/09/23 08:50頃,沖縄県 読谷村,詳細,F0,30,0.3〜1.0,0,1,0,0,台風
その他(不明を含む),1995/08/31 10時頃,岐阜県 恵那郡岩村,詳細,F1,200,6,0,0,0,0,寒冷前線
竜巻,1995/8/14 17:17,沖縄県 (海上),詳細,不明,不明,不明,0,0,0,0,その他(高気圧)
その他(不明を含む),1995/08/05 16:05頃,埼玉県 川島町,詳細,不明,100,1.5,0,0,0,0,雷雨(熱雷)
竜巻,1995/05/01 14:00頃,宮崎県 西都市,詳細,F1,20〜50,1.5,0,0,0,0,不安定線・暖気の移流・その他(低気圧)
その他(不明を含む),1995/03/07 12:00頃,島根県 (海上),詳細,不明,不明,不明,0,0,0,0,その他
竜巻,1995/1/13 8:50,高知県 (海上),詳細,不明,0,0,0,0,0,0,寒気の移流
その他(不明を含む),1995/01/04 12:30頃,千葉県 富津市,詳細,不明,200,1.5,0,0,不明,不明,南岸低気圧
竜巻,1994/12/19 08:40頃,東京都 (海上),詳細,不明,不明,不明,0,0,0,0,不安定線
その他(不明を含む),1994/12/15 14時頃,富山県 (海上),詳細,不明,不明,,不明,不明,不明,不明,その他
その他(不明を含む),1994/12/07 15:30頃,新潟県 西蒲原郡潟東村、味方村、白根市,詳細,F1,40,0.0〜0.1,0,0,0,0,寒冷前線
竜巻,1994/10/12 10:22,高知県 芸西村,詳細,F0〜F1,不明,1.5,0,0,0,0,日本海低気圧・暖気の移流
竜巻,1994/10/6 7:50,石川県 金沢市,詳細,不明,不明,不明,0,0,0,0,気圧の谷
竜巻,1994/10/05 06:35頃,北海道日高支庁 門別町,詳細,F1〜F2,20〜30,2.5〜3.0,0,0,0,0,寒冷前線
竜巻,1994/10/05 06:15頃,北海道日高支庁 門別町,詳細,F1,50〜60,1,0,0,0,0,寒冷前線
竜巻,1994/10/04 17:30頃,高知県 南国市,詳細,F0,不明,3,0,0,0,0,暖気の移流
竜巻,1994/10/04 17:05頃,高知県 (海上),詳細,不明,0,0,0,0,0,0,暖気の移流
竜巻,1994/10/04 17:05頃,高知県 (海上),詳細,不明,0,0,0,0,0,0,暖気の移流
竜巻,1994/10/04 17:05頃,高知県 (海上),詳細,不明,0,0,0,0,0,0,暖気の移流
竜巻,1994/10/4 17:15,高知県 香美郡赤岡町,詳細,F0,0,0,0,0,0,0,暖気の移流
竜巻,1994/09/29 19時頃,静岡県 新居町,詳細,F0〜F1,50〜100,1.7,0,0,0,0,台風
竜巻,1994/09/29 17:35頃,愛知県 蒲郡市,詳細,F1,50,1.3,0,0,1,3,台風
竜巻,1994/09/29 17:30頃,愛知県 豊橋市,詳細,F1,不明,不明,0,7,0,0,台風
その他(不明を含む),1994/09/20 04時頃,山形県 温海町,詳細,F1,30〜50,0.5〜1.5,0,1,0,不明,気圧の谷・暖気の移流
ダウンバースト,1994/09/19 04:30頃,和歌山県 南部町,詳細,F0〜F1,100,1.2,0,0,0,0,寒気の移流・雷雨(熱雷を除く)
ダウンバースト,1994/09/08 14:30頃,埼玉県 美里町,詳細,F1,1500,1.5,0,73,1,0,雷雨(熱雷)・寒気の移流
竜巻,1994/09/01 17:20頃,新潟県 白根市,詳細,不明,不明,不明,不明,不明,不明,不明,寒冷前線・雷雨(熱雷を除く)・気圧の谷
竜巻,1994/09/01 16:00頃,新潟県 (海上),詳細,不明,不明,不明,0,0,0,0,寒冷前線・気圧の谷・雷雨(熱雷を除く)
竜巻,1994/8/20 10:18,沖縄県 伊良部町,詳細,F2,150以下,8.5,0,14,1,34,台風
ダウンバースト,1994/08/10 15:15頃,北海道十勝支庁 陸別町,詳細,F0,800〜1000,1.0〜1.5,0,0,0,0,太平洋高気圧・寒気の移流・雷雨(熱雷)
その他(不明を含む),1994/08/10 18:30頃,北海道上川支庁 美瑛町,詳細,F0〜F1,500,2,0,0,0,0,雷雨(熱雷)
ダウンバースト,1994/08/10 15:15頃,北海道十勝支庁 陸別町,詳細,F1,3000〜3500,3.3〜3.8,0,0,0,0,太平洋高気圧・寒気の移流・雷雨(熱雷)
その他(不明を含む),1994/05/31 18:30頃,群馬県 榛名町,詳細,F0〜F1,不明,不明,0,0,0,0,寒気の移流
その他(不明を含む),1994/05/08 15時頃,京都府 京都市,詳細,不明,不明,不明,0,0,0,0,雷雨(熱雷)
じん旋風(つむじ風を含む),1994/04/03 09:40頃,長野県 上水内郡牟礼村,詳細,F1〜F2,不明,1.5,0,0,1,0,寒気の移流
竜巻,1994/3/26 11:40,山形県 酒田市,詳細,F1,10以上,1.0〜2.0,0,0,0,0,寒気の移流・気圧の谷
竜巻,1994/03/23 02:00頃,鹿児島県 大島郡伊仙町,詳細,F0〜F1,不明,不明,0,0,0,0,その他(低気圧)
竜巻,1994/02/09 09:20頃,山口県 (海上),詳細,不明,不明,不明,不明,不明,不明,不明,寒冷前線・季節風・寒気の移流
その他(不明を含む),1994/02/02 15:00頃,富山県 (海上),詳細,不明,不明,不明,0,0,0,0,寒気の移流
その他(不明を含む),1994/02/02 10:30頃,富山県 (海上),詳細,不明,不明,不明,0,0,0,0,寒気の移流
竜巻,1993/12/01 01:10頃,鹿児島県 垂水市,詳細,F1,50,1.2,0,0,0,0,寒冷前線
竜巻,1993/12/01 00:30頃,鹿児島県 指宿郡頴娃町,詳細,F1,30〜40,1,0,0,0,0,寒冷前線・暖気の移流
その他(不明を含む),1993/11/28 00:35頃,北海道胆振支庁 鵡川町,詳細,F0〜F1,不明,不明,0,1,0,0,温暖前線
竜巻,1993/11/24 13:50頃,新潟県 (海上),詳細,不明,不明,不明,0,0,0,0,季節風
竜巻,1993/10/23 17:00頃,新潟県 (海上),詳細,不明,不明,不明,0,0,0,0,寒冷前線
竜巻,1993/10/22 09:00頃,鳥取県 (海上),詳細,不明,不明,不明,0,0,0,0,寒冷前線
竜巻,1993/10/22 09:00頃,鳥取県 (海上),詳細,不明,不明,不明,0,0,0,0,寒冷前線
竜巻,1993/10/22 09:00頃,鳥取県 (海上),詳細,不明,不明,不明,0,0,0,0,寒冷前線
竜巻,1993/10/17 09:35頃,新潟県 (海上),詳細,不明,不明,不明,0,0,0,0,不安定線
竜巻,1993/10/17 09:30頃,新潟県 (海上),詳細,不明,不明,不明,0,0,0,0,不安定線
竜巻,1993/10/17 9:30,石川県 (海上),詳細,不明,0,0,0,0,0,0,気圧の谷
竜巻,1993/10/17 09:30頃,新潟県 (海上),詳細,不明,不明,不明,0,0,0,0,不安定線
竜巻,1993/09/26 15:52頃,北海道留萌支庁 留萌市,詳細,不明,0,0,0,0,0,0,寒気の移流
竜巻,1993/09/04 07:40頃,茨城県 つくば市,詳細,F1,不明,不明,0,0,0,0,台風・暖気の移流・局地性じょう乱
竜巻,1993/9/3 20:22,高知県 吾川郡春野町,詳細,F2,150,3,0,9,2,16,台風
竜巻,1993/09/03 15:45頃,宮崎県 延岡市,詳細,F0〜F1,不明,不明,0,1,不明,不明,台風
竜巻,1993/09/03 13:00頃,高知県 土佐清水市,詳細,F1,50,0.3,0,0,0,0,台風
竜巻,1993/09/01 09:00頃,北海道留萌支庁 天塩町,詳細,F1,30,0.5〜2.0,0,0,0,0,寒気の移流
竜巻またはダウンバースト,1993/07/17 21時頃,宮崎県 西臼杵郡高千穂町,詳細,不明,不明,不明,0,0,0,0,梅雨前線・その他(低気圧)
竜巻,1993/07/14 16:20頃,岐阜県 加茂郡七宗町,詳細,F1,不明,0.2,0,0,0,0,日本海低気圧・暖気の移流
竜巻,1993/06/18 10:15頃,福岡県 大牟田市,詳細,F1,50〜70,3,0,0,0,2,停滞前線
竜巻,1993/5/27 1:50,沖縄県 西原町,詳細,F1,50,0.1〜0.2,0,0,0,0,梅雨前線
竜巻,1993/05/02 08:20頃,愛媛県 東温市,詳細,F0〜F1,20〜30,不明,0,0,0,0,日本海低気圧・暖気の移流
じん旋風(つむじ風を含む),1993/04/25 11:35頃,群馬県 高崎市,詳細,F1,30,0.2,0,0,0,0,寒冷前線
じん旋風(つむじ風を含む),1993/04/24 11:30頃,長野県 小海町,詳細,F0,30,0.1,0,0,0,0,日本海低気圧
その他(不明を含む),1993/4/18 12:44,岩手県 花巻市,詳細,不明,不明,不明,0,#,0,0,寒冷前線
竜巻,1993/03/02 06:20頃,神奈川県 (海上),詳細,不明,0,0,0,0,0,0,局地性じょう乱
その他(不明を含む),1993/02/22 01:50頃,千葉県 銚子市,詳細,不明,100以上,0.4,0,0,0,0,二つ玉低気圧
竜巻,1993/02/12 21:05頃,新潟県 西蒲原郡分水町,詳細,F0〜F1,50〜100,1.2,0,0,0,0,気圧の谷・不安定線・季節風
竜巻,1993/01/23 17:30頃,沖縄県 竹富町,詳細,F0,40〜50,不明,0,0,0,0,停滞前線
竜巻,1993/01/07 10:30頃,和歌山県 印南町,詳細,不明,不明,不明,0,0,0,0,南岸低気圧
その他(不明を含む),1992/12/14 15:25頃,富山県 (海上),詳細,不明,不明,不明,0,0,0,0,寒気の移流
その他(不明を含む),1992/12/14 15:25頃,富山県 (海上),詳細,不明,不明,不明,0,0,0,0,寒気の移流
その他(不明を含む),1992/12/14 09:20頃,富山県 (海上),詳細,不明,不明,不明,0,0,0,0,寒気の移流
竜巻,1992/12/13 17:41,山梨県 北巨摩郡武川村,詳細,F1,30〜80,0.2,0,0,0,1,日本海低気圧・寒冷前線
その他(不明を含む),1992/12/8 9:13,茨城県 新治郡出島村,詳細,不明,不明,不明,0,0,0,0,二つ玉低気圧・雷雨(熱雷)・暖気の移流
その他(不明を含む),1992/12/8 9:11,茨城県 千代田町,詳細,不明,500,9,0,0,0,#,二つ玉低気圧・雷雨(熱雷)・暖気の移流
竜巻,1992/11/19 11:10頃,宮崎県 北浦町,詳細,不明,20,2,0,0,0,0,不安定線・移動性高気圧
竜巻,1992/10/30 18:15頃,静岡県 掛川市,詳細,F1,1000,8,0,1,0,1,日本海低気圧・寒冷前線
竜巻,1992/09/22 10時頃,沖縄県 名護市,詳細,F1,30〜35,6,0,8,0,0,台風
竜巻,1992/09/19 14:45頃,宮崎県 北諸県郡三股町,詳細,不明,不明,不明,0,0,0,0,雷雨(熱雷)
竜巻,1992/09/17 09:05頃,北海道留萌支庁 (海上),詳細,不明,0,0,0,0,0,0,寒気の移流
竜巻,1992/09/17 09:05頃,北海道留萌支庁 増毛町,詳細,F1,20,不明,0,0,0,0,寒気の移流
竜巻,1992/09/13 08:50頃,北海道宗谷支庁 (海上),詳細,不明,不明,不明,0,0,0,0,移動性高気圧
その他(不明を含む),1992/09/05 07:00頃,富山県 (海上),詳細,不明,不明,不明,0,0,0,0,寒気の移流
ダウンバースト,1992/09/04 18:30頃,栃木県 真岡市、益子町,詳細,F1,1000〜5000,1.0〜5.0,0,0,0,0,寒冷前線・雷雨(熱雷)
その他(不明を含む),1992/08/17 21:00頃,高知県 土佐清水市,詳細,F0〜F1,200,0.2,0,0,不明,不明,台風・暖気の移流
竜巻,1992/08/12 18:50頃,岐阜県 岐阜市,詳細,F1,200,0.6,0,0,0,2,日本海低気圧・温暖前線
竜巻,1992/8/7 16:04,宮城県 本吉郡唐桑町,詳細,F1,300〜400,0.6〜0.7,0,2,0,0,局地性じょう乱・雷雨(熱雷)
その他(不明を含む),1992/07/29 14:15頃,北海道根室支庁 別海町,詳細,F0〜F1,不明,不明,0,0,0,0,その他(低気圧)・寒気の移流・局地性じょう乱
竜巻,1992/7/9 11:25,北海道石狩支庁 札幌市,詳細,F2,300〜400,1.8〜2.0,0,5,0,0,気圧の谷・寒気の移流
その他(不明を含む),1992/05/29 13:53頃,茨城県 三和町,詳細,不明,不明,不明,不明,不明,不明,不明,寒気の移流
その他(不明を含む),1992/05/24 時刻不明,東京都 文京区、台東区,詳細,不明,不明,不明,不明,不明,不明,不明,雷雨(熱雷を除く)・暖気の移流
竜巻,1992/05/23 19:30頃,栃木県 益子町,詳細,F1,100〜200,4,0,0,0,106,寒冷前線
その他(不明を含む),1992/05/22 14時頃,岩手県 下閉伊郡川井村,詳細,F2,30,0.1,0,0,0,0,寒冷前線・気圧の谷・雷雨(熱雷を除く)
竜巻,1992/5/17 14:33,沖縄県 (海上),詳細,不明,不明,不明,0,0,0,0,東シナ海低気圧・暖気の移流
その他(不明を含む),1992/5/8 18:53,高知県 高知市,詳細,F0,4000,8,0,0,0,0,日本海低気圧・寒冷前線
竜巻,1992/04/15 16:55頃,和歌山県 日置川町,詳細,不明,不明,不明,0,0,0,0,寒冷前線
その他(不明を含む),1992/04/07 時刻不明,東京都 八丈島,詳細,不明,不明,不明,不明,不明,不明,不明,その他(高気圧)
竜巻,1992/3/31 14:55,沖縄県 (海上),詳細,不明,不明,不明,0,0,0,0,東シナ海低気圧・暖気の移流
竜巻,1992/02/15 09:25頃,沖縄県 島尻郡具志川村,詳細,F1,0〜25,0.8〜0.9,0,0,0,0,寒冷前線
竜巻,1992/1/6 3:30,鹿児島県 大島郡知名町,詳細,F1,20〜30,5,0,1,2,4,東シナ海低気圧・寒冷前線・暖気の移流
竜巻,1991/12/11 20:10頃,石川県 金沢市,詳細,F1,50〜250,3,0,4,1,27,寒冷前線
ガストフロント,1991/11/28 21時頃,静岡県 浜松市,詳細,不明,不明,不明,不明,不明,0,6,その他(低気圧)・寒冷前線
竜巻,1991/11/28 22時頃,東京都 新島若郷,詳細,F0,不明,0.3,不明,不明,0,0,南岸低気圧
竜巻,1991/11/28 16:30頃,和歌山県 日置川町,詳細,F0〜F1,50,2,0,0,0,0,南岸低気圧
竜巻,1991/11/28 11:45頃,宮崎県 日南市,詳細,F1,10〜50,1.1,0,5,0,0,南岸低気圧
竜巻,1991/11/03 23時頃,島根県 簸川郡斐川町,詳細,F1,10,2.5〜2.7,0,0,0,2,日本海低気圧・寒冷前線・寒気の移流
その他(不明を含む),1991/10/30 15:00頃,山形県 鶴岡市,詳細,不明,不明,不明,0,0,0,0,寒冷前線
その他(不明を含む),1991/10/21 13:00頃,山形県 (海上),詳細,不明,不明,不明,0,0,0,0,気圧の谷
その他(不明を含む),1991/10/03 12:55頃,山形県 (海上),詳細,不明,不明,不明,0,0,0,0,寒冷前線
竜巻,1991/09/17 08:50頃,北海道後志支庁 (海上),詳細,不明,不明,不明,0,0,0,0,寒気の移流・気圧の谷・局地性じょう乱
竜巻,1991/08/08 14時頃,新潟県 白根市,詳細,不明,0,0,0,0,0,0,気圧の谷・寒気の移流
ダウンバースト,1991/6/27 13:30,岡山県 岡山市,詳細,F2,2000,5.0〜7.0,0,0,不明,不明,梅雨前線
竜巻,1991/6/25 11:30,鹿児島県 姶良郡吉松町,詳細,F1,500,5.0〜6.0,0,6,0,5,梅雨前線・太平洋高気圧
竜巻,1991/06/12 13:30頃,富山県 魚津市,詳細,F2,400,不明,0,1,0,0,寒冷前線・局地性じょう乱
竜巻,1991/05/13 13:05頃,北海道十勝支庁 幕別町,詳細,F0,不明,1.0〜1.5,0,0,0,0,気圧の谷・局地性じょう乱
竜巻,1991/4/7 0:05,沖縄県 島尻郡具志川村,詳細,F1〜F2,不明,不明,0,0,0,0,暖気の移流・寒冷前線
竜巻,1991/4/7 0:03,沖縄県 島尻郡具志川村,詳細,F2,50〜90,1.9,0,1,3,1,暖気の移流・寒冷前線
竜巻,1991/02/15 11時頃,福井県 （湖上）,詳細,F1,不明,不明,#,#,#,0,二つ玉低気圧
竜巻,1991/02/13 18時頃,沖縄県 国頭郡恩納村,詳細,不明,不明,不明,0,0,0,0,東シナ海低気圧・暖気の移流
竜巻,1991/2/13 22:27,沖縄県 那覇市,詳細,F1,不明,不明,0,0,0,0,東シナ海低気圧・暖気の移流
竜巻,1991/02/04 09:40頃,兵庫県 (海上),詳細,不明,0,不明,0,0,0,0,寒気の移流・不安定線
竜巻,1991/1/13 14:48,新潟県 (海上),詳細,不明,不明,不明,0,0,0,0,日本海低気圧
その他(不明を含む),2010/12/31 19:35頃,新潟県 新潟市,詳細,F0,40,0.1,0,0,0,0,寒気の移流
竜巻,2010/12/29 14:00,京都府 (海上),詳細(D),不明,不明,不明,0,0,0,0,寒気の移流
竜巻,2010/12/29 13:50,京都府 (海上),詳細(D),不明,不明,不明,0,0,0,0,寒気の移流
その他(不明を含む),2010/12/28 18:20頃,愛知県 幡豆郡一色町,詳細,F0,100,1.1,0,0,0,0,寒冷前線
ダウンバーストまたはガストフロント,2010/12/28 14:45頃,岡山県 岡山市,詳細,F0以下,20,0.1,0,0,0,0,寒冷前線
その他(不明を含む),2010/12/28 11:00頃,山口県 下関市,詳細,F0,10〜20,0.2,0,0,0,0,寒冷前線
竜巻,2010/12/27 01時頃,石川県 羽咋郡志賀町,詳細(D),F0,80,0.7,0,0,0,0,寒気の移流
その他(不明を含む),2010/12/25 09:50頃,新潟県 上越市,詳細,F0,30,0.1,0,0,0,0,寒気の移流
竜巻,2010/12/24 15:57頃,鳥取県 (海上),詳細(D),不明,不明,不明,0,0,0,0,寒気の移流
その他(不明を含む),2010/12/22 11時頃,福島県 南相馬市,詳細,F0,400,0.4,0,0,0,0,南岸低気圧
竜巻または漏斗雲,2010/12/18 07:18頃,鳥取県 (海上),詳細(D),不明,不明,不明,0,0,0,0,寒気の移流
竜巻,2010/12/17 10:20頃,北海道後志地方 (海上),詳細(D),不明,不明,不明,0,0,0,0,気圧の谷
竜巻,2010/12/16 8:00,新潟県 (海上),詳細(D),不明,不明,不明,0,0,0,0,寒気の移流
竜巻,2010/12/15 7:56,富山県 (海上),詳細(D),不明,不明,不明,0,0,0,0,寒気の移流
竜巻,2010/12/09 17:10頃,新潟県 上越市,詳細(D),F0〜F1,50〜200,7,0,1,0,0,気圧の谷・寒気の移流
竜巻,2010/12/03 15:45頃,新潟県 新潟市,詳細(D),F1,60,1,0,7,0,0,気圧の谷・寒気の移流
竜巻,2010/12/3 15:36,新潟県 新潟市,詳細(D),F0未満,不明,不明,0,0,0,0,気圧の谷・寒気の移流
竜巻,2010/12/03 15:30頃,新潟県 新潟市,詳細(D),F0,60,0.2,0,0,0,0,気圧の谷・寒気の移流
その他(不明を含む),2010/12/03 15:35頃,新潟県 燕市,詳細,F0,40,1.4,0,0,0,0,気圧の谷・寒気の移流
その他(不明を含む),2010/12/03 08:30頃,東京都 三宅村,詳細,F0,80,0.2,0,0,0,0,日本海低気圧・暖気の移流
その他(不明を含む),2010/12/03 08:30頃,千葉県 鴨川市,詳細,F0,100,0.2,0,0,0,0,日本海低気圧・暖気の移流
竜巻,2010/12/03 08:20頃,茨城県 牛久市,詳細(D),F1,200,1.3,0,0,0,0,日本海低気圧・暖気の移流
その他(不明を含む),2010/12/03 08:00頃,千葉県 柏市,詳細,F0以下,60,0.1,0,0,0,0,日本海低気圧・暖気の移流
その他(不明を含む),2010/12/03 08:00頃,千葉県 柏市,詳細,F0,150,0.4,0,0,0,0,日本海低気圧・暖気の移流
その他(不明を含む),2010/12/03 07:50頃,千葉県 松戸市,詳細,F0以下,20,0.3,0,0,0,0,日本海低気圧・暖気の移流
その他(不明を含む),2010/12/03 07:50頃,神奈川県 横浜市,詳細,F0,100,0.4,0,0,0,0,日本海低気圧・暖気の移流
竜巻,2010/12/03 07:30頃,神奈川県 鎌倉市,詳細(D),F0〜F1,250,3.5,0,0,0,2,日本海低気圧・暖気の移流
その他(不明を含む),2010/12/03 07:20頃,神奈川県 藤沢市,詳細,F0,200,2.3,0,0,0,0,日本海低気圧・暖気の移流
その他(不明を含む),2010/12/03 05:42頃,静岡県 牧之原市,詳細,F0,80,0.2,0,0,0,0,日本海低気圧・暖気の移流
その他(不明を含む),2010/12/03 05:30頃,静岡県 御前崎市,詳細,F0,70,2,0,0,0,0,日本海低気圧・暖気の移流
その他(不明を含む),2010/12/03 02:30頃,千葉県 鴨川市,詳細,F0,100,0.2,0,0,0,0,日本海低気圧・暖気の移流
その他(不明を含む),2010/12/02 23:30頃,三重県 北牟婁郡紀北町,詳細,F0,30,0.1,0,0,0,0,日本海低気圧・暖気の移流
竜巻,2010/11/29 12:25,福井県 (海上),詳細(D),不明,不明,不明,0,0,0,0,寒気の移流
竜巻,2010/11/29 12:24,福井県 (海上),詳細(D),不明,不明,不明,0,0,0,0,寒気の移流
竜巻または漏斗雲,2010/11/29 12:18,福井県 (海上),詳細(D),不明,不明,不明,0,0,0,0,寒気の移流
竜巻,2010/11/29 09時頃,石川県 羽咋郡志賀町,詳細(D),F0,30〜150,1.2,0,1,0,0,寒気の移流
竜巻,2010/11/22 15:30頃,鹿児島県 大島郡和泊町,詳細(D),F0,60,1.8,0,0,0,0,停滞前線・暖気の移流
その他(不明を含む),2010/11/12 14:00頃,秋田県 大館市,詳細,F0以下,30,0.1,0,0,0,0,寒冷前線
竜巻,2010/11/12 13:15頃,秋田県 山本郡八峰町,詳細(D),F0,150,0.8,0,0,0,0,寒冷前線
その他(不明を含む),2010/11/01 16:30頃,石川県 金沢市,詳細,F0以下,10,0,0,0,0,0,南岸低気圧・寒気の移流
その他(不明を含む),2010/11/01 05:30頃,千葉県 山武郡九十九里町,詳細,F0,300,1.1,0,0,0,0,南岸低気圧
その他(不明を含む),2010/11/01 05:25頃,千葉県 山武市,詳細,F0,250,0.5,0,0,0,0,南岸低気圧
竜巻,2010/11/01 05:20頃,千葉県 山武郡九十九里町,詳細(D),F0,150,0.5,0,0,0,0,南岸低気圧
竜巻,2010/10/28 14:10頃,北海道留萌地方 (海上),詳細,不明,不明,不明,0,0,0,0,気圧の谷
竜巻,2010/10/26 08:10頃,北海道後志地方 (海上),詳細(D),不明,不明,不明,0,0,0,0,寒気の移流
竜巻,2010/10/26 07:05頃,北海道後志地方 (海上),詳細(D),不明,不明,不明,0,0,0,0,寒気の移流
竜巻,2010/10/26 15:50頃,北海道檜山地方 (海上),詳細(D),不明,不明,不明,0,0,0,0,寒気の移流
竜巻,2010/10/26 7:38,北海道石狩地方 (海上),詳細(D),不明,不明,不明,0,0,0,0,寒気の移流
竜巻,2010/10/26 07:10頃,北海道石狩地方 (海上),詳細(D),不明,不明,不明,0,0,0,0,寒気の移流
竜巻,2010/10/26 7:10,北海道石狩地方 石狩市,詳細(D),F0未満,20,0.0〜0.1,0,0,0,0,寒気の移流
竜巻,2010/10/26 07:05頃,北海道石狩地方 (海上),詳細(D),不明,不明,不明,0,0,0,0,寒気の移流
竜巻,2010/10/26 07:00頃,北海道石狩地方 (海上),詳細(D),不明,不明,不明,0,0,0,0,寒気の移流
竜巻,2010/10/22 10:50頃,沖縄県 島尻郡久米島町,詳細(D),F0以下,10〜15,0.1,0,0,0,0,停滞前線・暖気の移流
竜巻,2010/10/17 13:40頃,新潟県 (海上),詳細(D),不明,不明,不明,0,0,0,0,気圧の谷・寒気の移流
竜巻,2010/10/17 13:20頃,秋田県 潟上市,詳細,F0,100,1,0,0,0,0,気圧の谷
その他(不明を含む),2010/10/17 12:50頃,秋田県 山本郡八峰町,詳細,F0以下,50,0.1,0,0,0,0,気圧の谷
竜巻,2010/10/17 12:40頃,秋田県 山本郡八峰町,詳細(D),F0,100,0.5,0,0,0,0,気圧の谷
竜巻,2010/10/15 17:00頃,新潟県 胎内市,詳細(D),F0,150〜200,0.7〜0.8,0,0,0,0,気圧の谷・寒気の移流
竜巻,2010/10/15 17:05頃,新潟県 胎内市,詳細(D),F1,100〜150,9,0,3,0,0,気圧の谷・寒気の移流
竜巻,2010/10/15 04:30頃,石川県 羽咋郡志賀町,詳細(D),F0,30,0.1,0,0,0,0,気圧の谷・寒気の移流
その他(不明を含む),2010/10/15 04時頃,石川県 輪島市,詳細,F0,20,0,0,0,0,0,気圧の谷・寒気の移流
その他(不明を含む),2010/10/09 19:00頃,愛知県 田原市,詳細,F0,50,0.6,0,0,0,0,暖気の移流
竜巻,2010/10/09 18時頃,千葉県 南房総市,詳細(D),F0,30,0.1,0,0,0,0,その他(低気圧)
竜巻,2010/10/07 17:00頃,高知県 (海上),詳細(D),不明,不明,不明,0,0,0,0,その他(高気圧)
竜巻,2010/10/02 17:00頃,沖縄県 (海上),詳細(D),不明,不明,不明,0,0,0,0,その他(高気圧)
竜巻,2010/10/02 15:50頃,沖縄県 (海上),詳細(D),不明,不明,不明,0,0,0,0,その他(高気圧)
その他(不明を含む),2010/09/28 00時頃,和歌山県 日高郡みなべ町,詳細,F0,400,1.8,0,0,0,0,その他(低気圧)
竜巻または漏斗雲,2010/09/28 15:55頃,鳥取県 (海上),詳細(D),不明,不明,不明,0,0,0,0,寒冷前線
竜巻または漏斗雲,2010/09/28 15:55頃,鳥取県 (海上),詳細(D),不明,不明,不明,0,0,0,0,寒冷前線
竜巻または漏斗雲,2010/09/28 15:54頃,鳥取県 (海上),詳細(D),不明,不明,不明,0,0,0,0,寒冷前線
竜巻,2010/09/28 09:15頃,静岡県 焼津市,詳細(D),F0,60,0.3,0,0,0,0,二つ玉低気圧
竜巻,2010/09/23 10時頃,和歌山県 (海上),詳細(D),不明,不明,不明,0,0,0,0,停滞前線
竜巻,2010/9/23 6:50,香川県 綾歌郡綾川町,詳細(D),F0,100,1.3,0,0,0,0,停滞前線
竜巻,2010/09/23 06:40頃,香川県 綾歌郡綾川町,詳細(D),F1,150,1,0,1,0,0,停滞前線
その他(不明を含む),2010/09/23 時刻不明,香川県 綾歌郡綾川町,詳細,F0,30,0.3,0,0,0,0,停滞前線
ダウンバーストまたはガストフロント,2010/09/22 18:40頃,岐阜県 岐阜市,詳細,F0,250,1.2,0,0,0,0,停滞前線
竜巻,2010/09/17 10:55頃,新潟県 長岡市,詳細,F0以下,150,2.5,0,0,0,0,気圧の谷・寒気の移流
竜巻,2010/09/17 10:45頃,新潟県 (海上),詳細,不明,不明,不明,0,0,0,0,気圧の谷・寒気の移流
その他(不明を含む),2010/09/17 10:40頃,新潟県 長岡市,詳細,F0以下,50,0.2,0,0,0,0,気圧の谷・寒気の移流
竜巻,2010/09/16 14時頃,兵庫県 (海上),詳細(D),不明,不明,不明,0,0,0,0,寒気の移流
竜巻,2010/9/14 11:20,富山県 (海上),詳細(D),不明,不明,不明,0,0,0,0,寒気の移流
竜巻,2010/9/14 12:55,兵庫県 (海上),詳細(D),不明,不明,不明,0,0,0,0,寒気の移流
竜巻,2010/9/14 11:53,兵庫県 (海上),詳細(D),不明,不明,不明,0,0,0,0,寒気の移流
竜巻,2010/09/13 14:20頃,沖縄県 島尻郡伊是名村,詳細(D),F0,5〜10,1,0,0,0,0,太平洋高気圧
その他(不明を含む),2010/09/07 03:45頃,秋田県 秋田市,詳細,F0,200,0.4,0,0,0,0,停滞前線
竜巻,2010/09/07 03:45頃,秋田県 秋田市,詳細,F0,200,1.2,0,1,0,0,停滞前線
その他(不明を含む),2010/09/06 18:40頃,宮城県 大崎市,詳細,F0,300,1,0,0,0,0,暖気の移流
その他(不明を含む),2010/09/06 時刻不明,宮城県 加美郡加美町,詳細,F0,100,0.1,0,0,0,0,暖気の移流
ダウンバースト,2010/09/06 18:40頃,宮城県 加美郡加美町,詳細,F1,1000,1.5,0,0,0,0,暖気の移流
その他(不明を含む),2010/08/30 15:00頃,鳥取県 鳥取市,詳細,F0,不明,不明,0,0,0,0,太平洋高気圧・暖気の移流
ダウンバーストまたはガストフロント,2010/08/30 15:00頃,鳥取県 鳥取市,詳細,F0,250,0.1,0,0,0,0,太平洋高気圧・暖気の移流
竜巻,2010/08/25 13:05頃,北海道留萌地方 留萌市,詳細(D),F0未満,不明,不明,0,0,0,0,気圧の谷
竜巻,2010/08/25 12:30頃,北海道留萌地方 (海上),詳細(D),不明,不明,不明,0,0,0,0,気圧の谷
その他(不明を含む),2010/08/25 16:10頃,長野県 東御市、上田市,詳細,F0,3000,9.5,0,0,0,0,暖気の移流
その他(不明を含む),2010/08/24 20:00頃,栃木県 大田原市,詳細,F0,3200,7,0,0,0,0,暖気の移流
その他(不明を含む),2010/08/24 19:30頃,栃木県 大田原市,詳細,F0,30,0.3,0,0,0,0,暖気の移流
竜巻,2010/08/23 15:07頃,沖縄県 (海上),詳細(D),不明,不明,不明,0,0,0,0,太平洋高気圧
竜巻,2010/8/18 11:36,沖縄県 (海上),詳細(D),不明,不明,不明,0,0,0,0,太平洋高気圧
竜巻または漏斗雲,2010/08/14 17:20頃,沖縄県 (海上),詳細(D),不明,不明,不明,0,0,0,0,太平洋高気圧
その他(不明を含む),2010/08/12 11:30頃,愛知県 豊橋市,詳細,F0以下,30,1.7,0,0,0,0,台風
竜巻,2010/8/11 16:55,高知県 香南市,詳細(D),F0,50,2.2,0,0,0,0,台風・暖気の移流
竜巻,2010/08/04 12:25頃,愛知県 (海上),詳細(D),不明,不明,不明,0,0,0,0,暖気の移流
その他(不明を含む),2010/07/29 09時頃,愛知県 豊川市,詳細,F0,100,2,0,0,0,0,暖気の移流
竜巻,2010/07/28 16:20頃,沖縄県 (海上),詳細(D),不明,不明,不明,0,0,0,0,暖気の移流
ダウンバーストまたはガストフロント,2010/07/26 15:30頃,長野県 上田市,詳細,F0,600,2.5,0,0,0,0,寒気の移流
竜巻,2010/7/26 18:06,山梨県 北杜市,詳細(D),F0,50,0.6,0,0,0,0,寒気の移流
竜巻,2010/07/26 16:50頃,茨城県 (湖上),詳細(D),不明,不明,不明,0,0,0,0,寒気の移流
ダウンバースト,2010/07/26 16:10頃,茨城県 水戸市,詳細,F0,500,1,0,0,0,0,寒気の移流
その他(不明を含む),2010/07/26 16:15頃,茨城県 水戸市,詳細,F0,1000,2.3,0,0,0,0,寒気の移流
竜巻,2010/07/26 16:05頃,埼玉県 鴻巣市,詳細(D),F0,20〜25,0.3,0,0,0,0,寒気の移流
その他(不明を含む),2010/07/26 15時頃,福島県 石川郡玉川村,詳細,F0,2000,2,0,0,0,0,寒気の移流
その他(不明を含む),2010/07/26 14時頃,福島県 西白河郡矢吹町,詳細,F0以下,100,0.2,0,0,0,0,寒気の移流
ダウンバースト,2010/07/26 14:00頃,福島県 西白河郡矢吹町,詳細,F0,200,1,0,0,0,0,寒気の移流
その他(不明を含む),2010/07/26 03時頃,沖縄県 八重山郡与那国町,詳細,F0以下,不明,不明,0,0,0,0,暖気の移流
ダウンバーストまたはガストフロント,2010/07/25 17:15頃,奈良県 奈良市,詳細,F0,100,0.1,0,0,0,0,太平洋高気圧・寒気の移流
竜巻または漏斗雲,2010/07/25 14:45頃,沖縄県 (海上),詳細,不明,不明,不明,0,0,0,0,太平洋高気圧
ダウンバースト,2010/07/24 18:10頃,栃木県 真岡市,詳細,F0,4200,4.8,0,0,0,0,雷雨(熱雷)
ダウンバースト,2010/07/24 18:00頃,栃木県 芳賀町,詳細,F0,2100,5.5,0,0,0,0,雷雨(熱雷)
ダウンバースト,2010/07/24 18:20頃,長野県 上田市,詳細,F0,5000,7,0,3,0,0,暖気の移流
その他(不明を含む),2010/07/23 20時頃,栃木県 佐野市,詳細,F0以下,600,2,0,0,0,0,暖気の移流
ダウンバースト,2010/07/17 15:15頃,福島県 喜多方市,詳細,F1,3000,5.5,0,0,0,0,暖気の移流
その他(不明を含む),2010/07/13 19:20頃,滋賀県 近江八幡市,詳細,F0,200,0.6,0,0,0,0,梅雨前線・暖気の移流
竜巻または漏斗雲,2010/07/09 19:00頃,栃木県 那須塩原市,詳細(D),F0未満,不明,不明,#,#,#,#,梅雨前線
竜巻または漏斗雲,2010/07/09 19:00頃,栃木県 那須塩原市,詳細(D),F0未満,不明,不明,#,#,#,#,梅雨前線
竜巻,2010/07/09 19:00頃,栃木県 那須塩原市,詳細(D),F0,60,1.5,0*,0*,0*,0*,梅雨前線
竜巻,2010/07/09 14:40頃,和歌山県 東牟婁郡那智勝浦町,詳細(D),F0,100,0.3,0,0,0,0,梅雨前線
竜巻,2010/07/09 16:25頃,沖縄県 (海上),詳細(D),不明,不明,不明,0,0,0,0,暖気の移流
ダウンバースト,2010/07/08 13:05頃,秋田県 大館市,詳細,F0,700,1.8,0,0,0,0,日本海低気圧・寒気の移流・局地性じょう乱
竜巻,2010/07/04 15:00頃,北海道空知地方 樺戸郡浦臼町,詳細(D),F0以下,80〜100,0.6,0,0,0,0,気圧の谷・雷雨(熱雷)
その他(不明を含む),2010/07/01 16:50頃,長野県 佐久市,詳細,F0以下,80,0.2,0,0,0,0,気圧の谷・寒気の移流
ダウンバーストまたはガストフロント,2010/07/01 16:40頃,長野県 佐久市,詳細,F0,100,0.1,0,0,0,0,気圧の谷・寒気の移流
ダウンバースト,2010/07/01 15:00頃,山梨県 山梨市,詳細,F0以下,80,1,0,0,0,0,気圧の谷・寒気の移流
竜巻,2010/06/25 19:00頃,宮崎県 児湯郡都農町,詳細(D),F0,30,0.5,0,0,0,0,梅雨前線
その他(不明を含む),2010/05/26 01時頃,栃木県 真岡市,詳細,F0,不明,不明,0,0,0,0,気圧の谷・寒気の移流
その他(不明を含む),2010/04/29 01:45頃,高知県 安芸市,詳細,F0,5〜10,0.1,0,0,0,0,寒冷前線
竜巻,2010/04/29 02:00頃,高知県 安芸市,詳細(D),F0,50,0.4,0,0,0,0,寒冷前線
じん旋風(つむじ風を含む),2010/04/25 12:30頃,福島県 東白川郡棚倉町,詳細,F0,不明,不明,0,0,0,0,移動性高気圧
竜巻,2010/04/24 06:39頃,長崎県 (海上),詳細,不明,不明,不明,0,0,0,0,移動性高気圧
竜巻,2010/04/22 13:00頃,宮崎県 小林市,詳細(D),F0以下,不明,不明,0,0,0,0,その他(低気圧)・寒冷前線
その他(不明を含む),2010/04/08 13:00頃,青森県 十和田市,詳細,F0以下,6,0,0,0,0,0,移動性高気圧
竜巻,2010/04/03 10:15頃,石川県 (海上),詳細(D),不明,不明,不明,0,0,0,0,気圧の谷
竜巻,2010/02/01 09:30頃,鹿児島県 南九州市,詳細(D),F0,100,0.9,0,0,0,0,東シナ海低気圧・寒冷前線
竜巻,2010/02/01 09:10頃,鹿児島県 南さつま市,詳細(D),F0,40,1,0,0,0,0,東シナ海低気圧・寒冷前線
竜巻または漏斗雲,2010/01/07 08:29頃,鳥取県 (海上),詳細(D),不明,不明,不明,0,0,0,0,寒気の移流
竜巻または漏斗雲,2009/12/18 11:03頃,鳥取県 (海上),詳細(D),不明,不明,不明,0,0,0,0,寒気の移流
竜巻または漏斗雲,2009/12/18 10:48頃,鳥取県 (海上),詳細(D),不明,不明,不明,0,0,0,0,寒気の移流
竜巻,2009/12/18 10:42頃,鳥取県 (海上),詳細(D),不明,不明,不明,0,0,0,0,寒気の移流
竜巻,2009/12/18 10:40頃,鳥取県 (海上),詳細(D),不明,不明,不明,0,0,0,0,寒気の移流
竜巻または漏斗雲,2009/12/18 09:35頃,鳥取県 (海上),詳細(D),不明,不明,不明,0,0,0,0,寒気の移流
竜巻,2009/12/18 02時頃,石川県 金沢市,詳細,F0,30〜60,0.4,0,0,0,0,寒気の移流
その他(不明を含む),2009/12/17 23時頃,石川県 羽咋市,詳細,F0,20〜30,0.4,0,0,0,0,寒気の移流
竜巻,2009/12/16 09:45頃,鳥取県 (海上),詳細(D),不明,不明,不明,0,0,0,0,寒気の移流
その他(不明を含む),2009/11/21 04:30頃,石川県 羽咋郡志賀町,詳細,F0以下,7〜25,0,0,0,0,0,日本海低気圧
竜巻,2009/11/14 06:10頃,愛知県 西尾市,詳細(D),F0,50,0.2,0,0,0,0,その他(低気圧)
竜巻,2009/11/13 17:00頃,宮崎県 児湯郡川南町,詳細(D),F0,10〜20,1.5,0,0,0,0,その他(低気圧)
竜巻,2009/11/11 09:00頃,静岡県 掛川市,詳細(D),F0,10〜20,0.7,0,0,0,0,寒気の移流
竜巻,2009/11/6 17:10,熊本県 (海上),詳細(D),不明,不明,不明,0,0,0,0,暖気の移流
竜巻,2009/11/03 06時頃,富山県 (海上),詳細(D),不明,不明,不明,0,0,0,0,寒気の移流
竜巻,2009/11/03 06時頃,富山県 (海上),詳細(D),不明,不明,不明,0,0,0,0,寒気の移流
竜巻,2009/11/03 06時頃,富山県 (海上),詳細(D),不明,不明,不明,0,0,0,0,寒気の移流
竜巻,2009/11/03 06時頃,富山県 (海上),詳細(D),不明,不明,不明,0,0,0,0,寒気の移流
竜巻または漏斗雲,2009/11/03 06時頃,富山県 (海上),詳細,不明,不明,不明,0,0,0,0,寒気の移流
竜巻,2009/10/30 09:20頃,秋田県 能代市,詳細(D),F1,100,3.2,0,1,0,2,寒冷前線
竜巻,2009/10/30 7:26,青森県 西津軽郡深浦町,詳細(D),F0,30,0.1,0,0,0,0,寒冷前線・寒気の移流
竜巻,2009/10/27 13:10,新潟県 糸魚川市,詳細(D),不明,不明,不明,0,0,0,0,寒気の移流
その他(不明を含む),2009/10/18 14:30頃,秋田県 潟上市,詳細,不明,不明,不明,0,0,0,0,気圧の谷
竜巻または漏斗雲,2009/10/10 17:19,新潟県 (海上),詳細(D),不明,不明,不明,0,0,0,0,寒気の移流
竜巻または漏斗雲,2009/10/10 17:19,新潟県 (海上),詳細(D),不明,不明,不明,0,0,0,0,寒気の移流
竜巻または漏斗雲,2009/10/10 13:58,新潟県 (海上),詳細(D),不明,不明,不明,0,0,0,0,寒気の移流
竜巻または漏斗雲,2009/10/10 13:58,新潟県 (海上),詳細(D),不明,不明,不明,0,0,0,0,寒気の移流
竜巻または漏斗雲,2009/10/10 9:58,新潟県 (海上),詳細(D),不明,不明,不明,0,0,0,0,寒気の移流
竜巻または漏斗雲,2009/10/10 9:58,新潟県 (海上),詳細(D),不明,不明,不明,0,0,0,0,寒気の移流
竜巻または漏斗雲,2009/10/10 9:58,新潟県 (海上),詳細(D),不明,不明,不明,0,0,0,0,寒気の移流
その他(不明を含む),2009/10/08 05:00頃,茨城県 つくば市,詳細,F0,30,0.3,0,0,0,0,台風
竜巻,2009/10/08 05:00頃,茨城県 土浦市,詳細(D),F1,200〜300,2.8,0,2,1,11,台風
竜巻,2009/10/08 04:50頃,茨城県 北相馬郡利根町,詳細(D),F1,100〜200,6,0,4,0,5,台風
竜巻,2009/10/08 04:30頃,千葉県 山武郡九十九里町,詳細(D),F1,20〜30,1.6〜1.7,0,0,1,0,台風・暖気の移流
竜巻,2009/10/4 12:50,秋田県 秋田市,詳細,不明,不明,不明,0,0,0,0,気圧の谷
その他(不明を含む),2009/10/02 16:20頃,静岡県 浜松市,詳細,F0,15,0,0,0,0,0,寒冷前線
竜巻,2009/09/15 11:40頃,沖縄県 (海上),詳細(D),不明,不明,不明,0,0,0,0,暖気の移流
竜巻または漏斗雲,2009/09/13 09:39頃,鳥取県 (海上),詳細(D),不明,不明,不明,0,0,0,0,気圧の谷
竜巻,2009/09/13 03:40頃,山形県 鶴岡市,詳細(D),F0,30〜80,0.2〜0.3,0,1,0,0,日本海低気圧
竜巻,2009/9/11 12:17,石川県 (海上),詳細,不明,不明,不明,0,0,0,0,寒気の移流
竜巻,2009/09/10 13:35頃,新潟県 (海上),詳細(D),不明,不明,不明,0,0,0,0,寒気の移流
竜巻,2009/9/10 13:30,新潟県 (海上),詳細(D),不明,不明,不明,0,0,0,0,寒気の移流
竜巻,2009/8/23 18:51,山形県 鶴岡市,詳細(D),不明,不明,不明,0,0,0,0,気圧の谷・寒気の移流
竜巻,2009/8/23 18:37,山形県 鶴岡市,詳細(D),不明,不明,不明,0,0,0,0,気圧の谷・寒気の移流
竜巻,2009/08/08 15:30頃,沖縄県 (海上),詳細,不明,不明,不明,0,0,0,0,台風
竜巻,2009/08/08 15:10頃,沖縄県 宮古島市,詳細,不明,不明,不明,0,0,0,0,台風
竜巻,2009/08/08 15:20頃,沖縄県 宮古島市,詳細,F0,5〜10,2,0,0,0,0,台風
ダウンバースト,2009/08/01 11:15頃,京都府 宇治市,詳細,F0,1900,3.1,0,0,0,0,寒気の移流
竜巻,2009/07/30 17:50頃,沖縄県 (海上),詳細(D),不明,不明,不明,0,0,0,0,その他(高気圧)
その他(不明を含む),2009/07/27 14:00頃,群馬県 邑楽郡邑楽町,詳細,F0,300,1,0,0,0,0,暖気の移流
その他(不明を含む),2009/07/27 14:00頃,群馬県 邑楽郡千代田町,詳細,F0,150,0.2,0,0,0,0,暖気の移流
その他(不明を含む),2009/07/27 16:30頃,岩手県 盛岡市,詳細,F0,30,0.1,0,0,0,0,梅雨前線・暖気の移流
竜巻,2009/07/27 14:00頃,群馬県 館林市,詳細(D),F1〜F2,50,6.5,0,21,14,24,暖気の移流
その他(不明を含む),2009/7/26 9:37,兵庫県 丹波市,詳細,F0,500,0.9,0,0,0,0,梅雨前線
竜巻,2009/07/25 11:00頃,高知県 安芸市,詳細(D),F0,50,0.7,0,0,0,0,梅雨前線
その他(不明を含む),2009/07/24 16:10頃,福岡県 北九州市,詳細,F0,50,0.3,0,0,0,0,梅雨前線
竜巻,2009/07/19 19:00頃,岡山県 美作市,詳細(D),F2,200,6,0,2,2,11,梅雨前線
その他(不明を含む),2009/7/15 12:25,福岡県 みやま市,詳細,F0,60,0,0,0,0,0,梅雨前線
その他(不明を含む),2009/07/15 13:35頃,熊本県 熊本市,詳細,F0以下,不明,不明,0,0,0,0,梅雨前線
ガストフロント,2009/07/15 13:00頃,熊本県 山鹿市,詳細,F0以下,50〜60,0.1,0,0,0,0,梅雨前線
その他(不明を含む),2009/07/15 09:00頃,鳥取県 西伯郡日吉津村,詳細,F0,50,0.3,0,0,0,0,梅雨前線
その他(不明を含む),2009/07/08 09:20頃,秋田県 山本郡八峰町,詳細,F0,15,0.1,0,0,0,0,日本海低気圧・梅雨前線
竜巻,2009/07/06 16:35頃,沖縄県 (海上),詳細(D),不明,不明,不明,0,0,0,0,暖気の移流
竜巻または漏斗雲,2009/7/6 18:54,沖縄県 石垣市,詳細,不明,不明,不明,0,0,0,0,暖気の移流
竜巻,2009/7/3 16:30,山形県 米沢市,詳細(D),F0,5〜30,1.0〜1.4,0,0,0,0,雷雨(熱雷)
竜巻または漏斗雲,2009/07/03 14:28頃,沖縄県 (海上),詳細,不明,不明,不明,0,0,0,0,梅雨前線
竜巻,2009/07/02 14:15頃,沖縄県 (海上),詳細(D),不明,不明,不明,0,0,0,0,梅雨前線・暖気の移流
竜巻,2009/7/2 16:57,沖縄県 (海上),詳細(D),不明,不明,不明,0,0,0,0,梅雨前線・暖気の移流
竜巻または漏斗雲,2009/7/2 13:09,沖縄県 (海上),詳細,不明,不明,不明,0,0,0,0,梅雨前線・暖気の移流
竜巻,2009/6/26 13:10,沖縄県 (海上),詳細(D),不明,不明,不明,0,0,0,0,梅雨前線
竜巻,2009/6/18 14:29,滋賀県 愛知郡愛荘町,詳細(D),F0未満,不明,不明,0,0,0,0,寒気の移流
竜巻,2009/06/15 17時頃,沖縄県 (海上),詳細,不明,不明,不明,0,0,0,0,梅雨前線
ガストフロント,2009/06/14 14時頃,埼玉県 深谷市、大里郡寄居町,詳細,F0,2000〜3000,12,0,0,0,0,寒気の移流
ガストフロント,2009/06/14 14:00頃,埼玉県 熊谷市,詳細,F0,10,0,0,0,0,0,寒気の移流
ダウンバースト,2009/06/14 14時頃,埼玉県 北埼玉郡騎西町,詳細,F0,150以上,0.6以上,0,0,0,0,寒気の移流
ダウンバーストまたはガストフロント,2009/06/14 14時頃,埼玉県 加須市,詳細,F0,50,0.3,0,0,0,0,寒気の移流
ダウンバースト,2009/06/13 07:30頃,石川県 羽咋郡宝達志水町,詳細,F0,400〜500,0.8〜1.0,0,0,0,0,気圧の谷
じん旋風(つむじ風を含む),2009/5/26 12:43,群馬県 沼田市,詳細,F0,20,0.4,0,0,0,0,移動性高気圧
じん旋風(つむじ風を含む),2009/04/23 15:50頃,静岡県 掛川市,詳細,F0以下,10〜60,0.7〜0.8,0,0,0,0,移動性高気圧
その他(不明を含む),2009/04/07 12時頃,群馬県 北群馬郡榛東村,詳細,F0以下,25,0,0,0,0,0,移動性高気圧
竜巻または漏斗雲,2009/4/1 13:30,鳥取県 (海上),詳細(D),不明,不明,不明,0,0,0,0,その他(低気圧)・寒気の移流
竜巻または漏斗雲,2009/03/14 17:26頃,鳥取県 (海上),詳細(D),不明,不明,不明,0,0,0,0,寒気の移流
その他(不明を含む),2009/03/09 13:00頃,沖縄県 糸満市,詳細,不明,不明,不明,0,0,0,0,寒冷前線
竜巻,2009/03/09 12:30頃,沖縄県 糸満市,詳細(D),F0,20,1.5,0,0,0,0,寒冷前線
竜巻または漏斗雲,2009/02/26 11:50頃,沖縄県 (海上),詳細,不明,不明,不明,0,0,0,0,その他(高気圧)
竜巻,2009/02/07 20:15頃,秋田県 秋田市,詳細,F0,60,0.2,0,0,0,0,寒冷前線
その他(不明を含む),2009/01/25 05:00頃,北海道日高支庁 日高郡新ひだか町,詳細,F1,10,0.1,0,0,0,1,気圧の谷
竜巻,2009/01/24 11:15頃,北海道檜山支庁 (海上),詳細,不明,不明,不明,0,0,0,0,寒気の移流
竜巻,2009/01/24 11:05頃,北海道檜山支庁 (海上),詳細,不明,不明,不明,0,0,0,0,寒気の移流
竜巻,2009/01/21 11:08頃,沖縄県 (海上),詳細,不明,不明,不明,0,0,0,0,東シナ海低気圧
竜巻,2009/1/1 14:51,東京都 (海上),詳細,不明,不明,不明,0,0,0,0,寒気の移流
竜巻,2008/12/31 11:05,新潟県 (海上),詳細(D),不明,不明,不明,0,0,0,0,寒気の移流
竜巻,2008/12/31 11:05,新潟県 (海上),詳細(D),不明,不明,不明,0,0,0,0,寒気の移流
竜巻,2008/12/08 16:16頃,沖縄県 (海上),詳細(D),不明,不明,不明,0,0,0,0,気圧の谷
竜巻,2008/12/06 14:30頃,大分県 (海上),詳細,不明,不明,不明,0,0,0,0,寒気の移流
その他(不明を含む),2008/12/05 13:00頃,静岡県 掛川市,詳細,F0,10〜20,0.1〜0.2,0,0,0,0,寒冷前線
その他(不明を含む),2008/12/05 13:00頃,静岡県 掛川市,詳細,F0,50〜150,0.3〜0.4,0,0,0,0,寒冷前線
竜巻,2008/12/05 15:25頃,神奈川県 横浜市,詳細(D),F1,200,1.2,#,#,#,#,寒冷前線
その他(不明を含む),2008/12/05 14:10頃,静岡県 富士市,詳細,F0,60,0.2,0,0,0,0,寒冷前線
竜巻,2008/12/05 15:30頃,東京都 品川区,詳細(D),F1,80,0.6,0,0,0,0,寒冷前線
竜巻,2008/12/04 16:05頃,沖縄県 (海上),詳細,不明,不明,不明,0,0,0,0,寒冷前線
竜巻,2008/12/04 16:05頃,沖縄県 (海上),詳細,不明,不明,不明,0,0,0,0,寒冷前線
竜巻,2008/12/04 16:05頃,沖縄県 (海上),詳細,不明,不明,不明,0,0,0,0,寒冷前線
竜巻,2008/12/04 16:05頃,沖縄県 (海上),詳細,不明,不明,不明,0,0,0,0,寒冷前線
その他(不明を含む),2008/11/30 01:06頃,秋田県 秋田市,詳細,F0以下,10,0,0,0,0,0,寒冷前線
竜巻,2008/11/23 10:20,石川県 羽咋郡志賀町,詳細(D),F0〜F1,50〜150,1,0,0,0,0,気圧の谷・寒気の移流
その他(不明を含む),2008/11/21 06時頃,石川県 羽咋郡志賀町,詳細,F0,10〜30,0.1,0,0,0,0,寒気の移流・寒冷前線
竜巻または漏斗雲,2008/11/20 12:30頃,石川県 (海上),詳細,不明,不明,不明,0,0,0,0,寒気の移流
竜巻または漏斗雲,2008/11/20 12:30頃,石川県 (海上),詳細,不明,不明,不明,0,0,0,0,寒気の移流
竜巻または漏斗雲,2008/11/20 10:00,石川県 (海上),詳細,不明,不明,不明,0,0,0,0,寒気の移流
竜巻,2008/11/20 09:40頃,新潟県 (海上),詳細(D),不明,不明,不明,0,0,0,0,寒気の移流
竜巻,2008/11/20 8:42,石川県 (海上),詳細(D),不明,不明,不明,0,0,0,0,寒気の移流
竜巻,2008/11/20 8:42,石川県 (海上),詳細(D),不明,不明,不明,0,0,0,0,寒気の移流
竜巻,2008/11/20 8:40,石川県 (海上),詳細(D),不明,不明,不明,0,0,0,0,寒気の移流
竜巻,2008/11/20 08:30頃,新潟県 (海上),詳細(D),不明,不明,不明,0,0,0,0,寒気の移流
竜巻,2008/11/19 11:45頃,新潟県 (海上),詳細(D),不明,不明,不明,0,0,0,0,寒気の移流
竜巻または漏斗雲,2008/11/19 8:36,石川県 (海上),詳細(D),不明,不明,不明,0,0,0,0,寒気の移流
竜巻,2008/11/10 12:10頃,新潟県 (海上),詳細(D),不明,不明,不明,0,0,0,0,寒気の移流
竜巻,2008/11/10 12:10頃,新潟県 (海上),詳細(D),不明,不明,不明,0,0,0,0,寒気の移流
竜巻,2008/11/10 12:10頃,新潟県 (海上),詳細(D),不明,不明,不明,0,0,0,0,寒気の移流
竜巻,2008/11/08 10:25頃,沖縄県 (海上),詳細,不明,不明,不明,0,0,0,0,気圧の谷
竜巻,2008/11/07 08:50頃,北海道日高支庁 様似郡様似町,詳細(D),F0〜F1,10〜20,0.7,0,0,0,0,寒冷前線
その他(不明を含む),2008/11/06 11:27頃,秋田県 秋田市,詳細,不明,5,0,0,0,0,0,気圧の谷
竜巻,2008/11/06 09:00頃,秋田県 (海上),詳細,不明,不明,不明,0,0,0,0,気圧の谷
竜巻,2008/11/03 11:55頃,徳島県 (海上),詳細(D),不明,不明,不明,0,0,0,0,その他(前線)・寒気の移流
竜巻,2008/11/02 16:20頃,新潟県 (海上),詳細(D),不明,不明,不明,0,0,0,0,気圧の谷
その他(不明を含む),2008/11/02 09:00頃,秋田県 秋田市,詳細,不明,10,0,0,0,0,0,気圧の谷
竜巻,2008/11/2 8:30,秋田県 南秋田郡八郎潟町,詳細(D),F1,50,0,0,2,0,0,気圧の谷
竜巻,2008/10/31 07:30頃,石川県 (海上),詳細(D),不明,不明,不明,0,0,0,0,寒気の移流
竜巻,2008/10/30 12:50頃,鳥取県 (海上),詳細(D),不明,不明,不明,0,0,0,0,寒気の移流
竜巻,2008/10/30 12:38,鳥取県 岩美郡岩美町,詳細(D),F0,1〜3,0.7〜0.8,0,0,0,0,寒気の移流
竜巻,2008/10/30 12:33頃,鳥取県 (海上),詳細(D),不明,不明,不明,0,0,0,0,寒気の移流
竜巻,2008/10/27 16:00頃,千葉県 (海上),詳細(D),不明,不明,不明,0,0,0,0,寒気の移流
竜巻,2008/10/27 15:50頃,千葉県 (海上),詳細(D),不明,不明,不明,0,0,0,0,寒気の移流
竜巻,2008/10/27 15:50,千葉県 (海上),詳細(D),不明,不明,不明,0,0,0,0,寒気の移流
竜巻,2008/10/27 15:40,千葉県 (海上),詳細(D),不明,不明,不明,0,0,0,0,寒気の移流
竜巻,2008/10/27 15:30頃,千葉県 (海上),詳細(D),不明,不明,不明,0,0,0,0,寒気の移流
竜巻,2008/10/27 14:55,福井県 (海上),詳細(D),不明,不明,不明,0,0,0,0,寒気の移流
その他(不明を含む),2008/10/27 02:30頃,新潟県 上越市,詳細,F0,100,0.2,0,0,0,0,寒気の移流
竜巻,2008/10/26 16:30頃,秋田県 (海上),詳細(D),不明,不明,不明,0,0,0,0,寒冷前線
竜巻,2008/10/26 18:30頃,新潟県 新潟市,詳細(D),F0,50,0.7,0,1,0,0,寒冷前線
その他(不明を含む),2008/10/26 17:10頃,山形県 飽海郡遊佐町,詳細,F0,60,1.5,0,1,0,0,寒冷前線
その他(不明を含む),2008/10/26 17:00,秋田県 にかほ市,詳細,不明,10,0,0,0,0,0,寒冷前線
その他(不明を含む),2008/10/26 17:00頃,秋田県 にかほ市,詳細,F0,10,0,0,0,0,0,寒冷前線
竜巻,2008/10/24 02:30頃,三重県 志摩市,詳細(D),F1,100,0.8,0,1,0,0,南岸低気圧
竜巻,2008/10/15 16:10頃,新潟県 (海上),詳細(D),不明,不明,不明,0,0,0,0,気圧の谷
竜巻,2008/10/15 14:47頃,山形県 (海上),詳細(D),不明,不明,不明,0,0,0,0,気圧の谷
竜巻,2008/10/15 14:40,山形県 (海上),詳細(D),不明,不明,不明,0,0,0,0,気圧の谷
竜巻,2008/10/15 14:39,山形県 (海上),詳細(D),不明,不明,不明,0,0,0,0,気圧の谷
竜巻,2008/10/15 13:48,新潟県 新潟市,詳細(D),F0,40〜70,1.1〜2.0,0,0,0,0,気圧の谷
竜巻,2008/10/11 00:45頃,北海道檜山支庁 檜山郡江差町,詳細(D),F0,70,0.6,0,0,0,0,寒冷前線
竜巻,2008/10/10 12:07,秋田県 (海上),詳細,不明,不明,不明,0,0,0,0,気圧の谷
竜巻,2008/10/10 10:20,秋田県 (海上),詳細,不明,不明,不明,0,0,0,0,気圧の谷
竜巻,2008/10/10 09:05頃,秋田県 (海上),詳細,不明,不明,不明,0,0,0,0,気圧の谷
竜巻または漏斗雲,2008/10/10 17:20頃,沖縄県 糸満市,詳細(D),不明,不明,不明,0,0,0,0,気圧の谷
竜巻,2008/10/07 14:30頃,沖縄県 名護市,詳細(D),F0〜F1,10,0.1,0,0,0,0,停滞前線
竜巻または漏斗雲,2008/10/07 12:35頃,沖縄県 (海上),詳細(D),不明,不明,不明,0,0,0,0,停滞前線
竜巻,2008/10/07 12:20頃,沖縄県 島尻郡久米島町,詳細(D),F0未満,不明,不明,0,0,0,0,停滞前線
竜巻,2008/10/07 11:30頃,沖縄県 (海上),詳細(D),不明,不明,不明,0,0,0,0,停滞前線
竜巻,2008/10/07 11:00頃,沖縄県 (海上),詳細(D),不明,不明,不明,0,0,0,0,停滞前線
竜巻,2008/10/04 15:30頃,新潟県 (海上),詳細(D),不明,不明,不明,0,0,0,0,寒冷前線
竜巻,2008/10/01 11:55頃,秋田県 (海上),詳細,不明,不明,不明,0,0,0,0,気圧の谷
竜巻,2008/10/01 11:55頃,秋田県 (海上),詳細,不明,不明,不明,0,0,0,0,気圧の谷
竜巻,2008/10/01 11:47頃,秋田県 (海上),詳細,不明,不明,不明,0,0,0,0,気圧の谷
竜巻,2008/10/01 11:41頃,秋田県 (海上),詳細,不明,不明,不明,0,0,0,0,気圧の谷
竜巻,2008/10/01 11:28頃,秋田県 (海上),詳細(D),不明,不明,不明,0,0,0,0,気圧の谷
竜巻,2008/10/01 11:28頃,秋田県 (海上),詳細(D),不明,不明,不明,0,0,0,0,気圧の谷
竜巻,2008/10/01 11:28頃,秋田県 (海上),詳細(D),不明,不明,不明,0,0,0,0,気圧の谷
その他(不明を含む),2008/09/28 00:00頃,沖縄県 国頭郡国頭村,詳細,F0以下,20以下,不明,0,1,0,0,台風・暖気の移流
竜巻,2008/9/21 11:07,新潟県 (海上),詳細(D),不明,不明,不明,0,0,0,0,気圧の谷
ガストフロント,2008/09/21 10:50頃,香川県 仲多度郡多度津町、丸亀市,詳細,F0以下,2300,7.5,#,#,#,#,停滞前線
ガストフロント,2008/09/21 10:45頃,香川県 仲多度郡多度津町、丸亀市,詳細,F0以下,2300,7.5,#,#,#,#,停滞前線
竜巻,2008/09/21 10:50頃,香川県 仲多度郡多度津町,詳細(D),F1,350〜1000,4.6,0*,2*,0*,0*,停滞前線
竜巻,2008/09/21 13:00頃,徳島県 鳴門市,詳細(D),F0未満,30,1,0,0,0,0,停滞前線
竜巻,2008/9/21 11:03,三重県 (海上),詳細(D),不明,不明,不明,0,0,0,0,停滞前線
竜巻,2008/09/14 08:47頃,北海道宗谷支庁 (海上),詳細,不明,不明,不明,0,0,0,0,寒気の移流
竜巻,2008/9/14 8:41,北海道宗谷支庁 (海上),詳細,不明,不明,不明,0,0,0,0,寒気の移流
竜巻,2008/9/14 8:33,北海道宗谷支庁 (海上),詳細,不明,不明,不明,0,0,0,0,寒気の移流
竜巻,2008/9/14 8:40,北海道宗谷支庁 (海上),詳細,不明,不明,不明,0,0,0,0,寒気の移流
竜巻,2008/9/14 8:39,北海道宗谷支庁 (海上),詳細,不明,不明,不明,0,0,0,0,寒気の移流
竜巻,2008/9/14 8:40,北海道宗谷支庁 (海上),詳細,不明,不明,不明,0,0,0,0,寒気の移流
竜巻,2008/9/14 8:39,北海道宗谷支庁 (海上),詳細,不明,不明,不明,0,0,0,0,寒気の移流
竜巻,2008/9/14 8:37,北海道宗谷支庁 (海上),詳細,不明,不明,不明,0,0,0,0,寒気の移流
竜巻,2008/09/06 06:11頃,愛媛県 (海上),詳細(D),不明,不明,不明,0,0,0,0,寒気の移流
竜巻,2008/08/28 20:00頃,茨城県 土浦市,詳細(D),F1,300〜400,0.5〜0.6,0,0,0,0,暖気の移流・停滞前線
竜巻,2008/08/28 16:55頃,茨城県 つくば市,詳細(D),F1,100〜200,0.4〜0.5,0,0,0,0,暖気の移流・停滞前線
竜巻,2008/8/26 14:12,鹿児島県 (海上),詳細,不明,不明,不明,0,0,0,0,暖気の移流
竜巻,2008/8/16 13:45,千葉県 (海上),詳細(D),不明,不明,不明,0,0,0,0,台風・停滞前線・雷雨(熱雷)
竜巻,2008/8/16 13:25,千葉県 千葉市,詳細(D),F0以下,不明,不明,0,0,0,0,台風・停滞前線・雷雨(熱雷)
その他(不明を含む),2008/08/15 16時頃,鳥取県 鳥取市,詳細,F0以下,300,1,#,#,#,#,熱帯低気圧(台風以外)・雷雨(熱雷を除く)
竜巻,2008/08/15 16時頃,鳥取県 鳥取市,詳細(D),F0以下,300,1.5,0*,0*,0*,0*,熱帯低気圧(台風以外)・雷雨(熱雷を除く)
竜巻,2008/8/14 11:25,山形県 (海上),詳細(D),不明,不明,不明,0,0,0,0,熱帯低気圧(台風以外)・暖気の移流
その他(不明を含む),2008/08/14 15:00頃,栃木県 下都賀郡都賀町,詳細,F0,50,0.7,0,0,0,0,雷雨(熱雷)
竜巻,2008/08/12 16:10頃,福岡県 福津市,詳細(D),F0,不明,不明,0,0,0,0,その他(低気圧)・暖気の移流
竜巻,2008/8/12 16:05,福岡県 (海上),詳細(D),不明,不明,不明,0,0,0,0,その他(低気圧)・暖気の移流
その他(不明を含む),2008/08/09 13:10頃,神奈川県 愛甲郡清川村,詳細,F0,2,0.5,0,0,0,0,寒気の移流
その他(不明を含む),2008/08/08 20:00頃,岐阜県 岐阜市,詳細,F0,不明,不明,0,0,0,0,寒気の移流・暖気の移流
その他(不明を含む),2008/08/08 20:00頃,岐阜県 関市,詳細,F0,20,0.1,0,0,0,0,寒気の移流・暖気の移流
ダウンバースト,2008/08/08 19:45頃,岐阜県 美濃市,詳細,F1,2000,6,0,0,0,0,寒気の移流・暖気の移流
ダウンバーストまたはガストフロント,2008/08/08 19:45頃,岐阜県 岐阜市,詳細,F0〜F1,2000,4,0,0,0,0,寒気の移流・暖気の移流
竜巻,2008/08/08 16:45頃,沖縄県 石垣市,詳細,不明,1,0.1,0,0,0,0,その他(低気圧)
竜巻または漏斗雲,2008/8/8 13:40,沖縄県 (海上),詳細(D),不明,不明,不明,0,0,0,0,その他(低気圧)
竜巻,2008/7/30 9:18,鳥取県 (海上),詳細(D),不明,不明,不明,0,0,0,0,暖気の移流
竜巻,2008/7/30 9:01,鳥取県 (海上),詳細(D),不明,不明,不明,0,0,0,0,暖気の移流
竜巻,2008/7/30 8:55,鳥取県 (海上),詳細(D),不明,不明,不明,0,0,0,0,暖気の移流
竜巻または漏斗雲,2008/7/30 8:41,鳥取県 (海上),詳細(D),不明,不明,不明,0,0,0,0,暖気の移流
竜巻または漏斗雲,2008/7/30 8:28,鳥取県 (海上),詳細(D),不明,不明,不明,0,0,0,0,暖気の移流
竜巻または漏斗雲,2008/7/30 8:28,鳥取県 (海上),詳細(D),不明,不明,不明,0,0,0,0,暖気の移流
竜巻,2008/07/30 08:03頃,鳥取県 (海上),詳細(D),不明,不明,不明,0,0,0,0,暖気の移流
ガストフロント,2008/07/28 11:30頃,愛知県 蒲郡市,詳細,F0以下,不明,不明,0,3,0,0,停滞前線・暖気の移流
ダウンバーストまたはガストフロント,2008/07/28 14:50頃,兵庫県 神戸市,詳細,F0以下,600,0.3,0,0,0,0,停滞前線・暖気の移流
その他(不明を含む),2008/07/28 12:25頃,静岡県 磐田市,詳細,F0,5600,7,0,0,0,0,停滞前線・暖気の移流
ダウンバースト,2008/07/28 12:10頃,静岡県 浜松市浜北区,詳細,F0,1200,1.5,0,4,0,0,停滞前線・暖気の移流
その他(不明を含む),2008/07/27 16時頃,群馬県 富岡市,詳細,F0以下,不明,不明,0,0,0,0,停滞前線・暖気の移流
その他(不明を含む),2008/07/27 17時頃,長野県 小諸市、佐久市,詳細,不明,3000〜5000,8.0〜10.0,0,0,0,0,停滞前線・暖気の移流
その他(不明を含む),2008/07/27 16時頃,長野県 佐久市,詳細,不明,3000〜5000,5.0〜8.0,0,0,0,0,停滞前線・暖気の移流
その他(不明を含む),2008/07/27 15:30頃,長野県 岡谷市,詳細,F0以下,5,0,0,0,0,0,停滞前線・暖気の移流
ダウンバーストまたはガストフロント,2008/07/27 14:45頃,岐阜県 飛騨市,詳細,F0,不明,不明,0,0,0,0,停滞前線・暖気の移流
その他(不明を含む),2008/07/27 14:30頃,岐阜県 高山市,詳細,F0,不明,不明,0,0,0,0,停滞前線・暖気の移流
ガストフロント,2008/07/27 12:50頃,福井県 敦賀市,詳細,F0,400〜600,2.0〜3.0,1,9,0,0,停滞前線・暖気の移流
ダウンバースト,2008/07/27 14:00頃,石川県 小松市,詳細,F1,600〜1000,3,0,0,0,0,停滞前線・暖気の移流
ダウンバースト,2008/07/27 16:30頃,福島県 郡山市,詳細,F0,2000,2,0,0,0,0,停滞前線・寒気の移流
その他(不明を含む),2008/07/25 15:15頃,群馬県 みどり市,詳細,F0,1000,2,#,#,#,#,太平洋高気圧・雷雨(熱雷を除く)
ダウンバースト,2008/07/25 15:30頃,群馬県 みどり市,詳細,F1,3000,5,#,#,#,#,太平洋高気圧・雷雨(熱雷を除く)
ダウンバースト,2008/07/25 15:30頃,群馬県 みどり市,詳細,F1,2500,5,0,0,0*,2*,太平洋高気圧・雷雨(熱雷を除く)
その他(不明を含む),2008/07/25 16:30頃,群馬県 邑楽郡邑楽町,詳細,F0,15,0.1,0,0,0,0,太平洋高気圧・雷雨(熱雷を除く)
ダウンバースト,2008/07/25 16:00頃,群馬県 太田市,詳細,F1,800,1.2,0,0,0,0,太平洋高気圧・雷雨(熱雷を除く)
その他(不明を含む),2008/07/24 01:50頃,岩手県 陸前高田市,詳細,F0,10〜20,0.2,0,0,0,0,停滞前線
竜巻または漏斗雲,2008/07/22 17:40頃,沖縄県 島尻郡与那原町付近,詳細(D),不明,不明,不明,0,0,0,0,気圧の谷
竜巻または漏斗雲,2008/07/22 17:40頃,沖縄県 島尻郡与那原町付近,詳細(D),不明,不明,不明,0,0,0,0,気圧の谷
竜巻,2008/7/22 17:40,沖縄県 (海上),詳細(D),不明,不明,不明,0,0,0,0,気圧の谷
竜巻,2008/07/22 17:30頃,沖縄県 島尻郡与那原町,詳細(D),F0未満,不明,不明,0,0,0,0,気圧の谷
竜巻,2008/7/22 17:08,沖縄県 (海上),詳細(D),不明,不明,不明,0,0,0,0,気圧の谷
竜巻,2008/7/22 17:05,沖縄県 (海上),詳細(D),不明,不明,不明,0,0,0,0,気圧の谷
ダウンバースト,2008/07/12 15:15頃,東京都 目黒区,詳細,F0,1400,6,0,1,0,0,寒気の移流・雷雨(熱雷)
竜巻,2008/7/8 18:54,沖縄県 (海上),詳細,不明,不明,不明,0,0,0,0,太平洋高気圧・気圧の谷
竜巻,2008/7/8 13:50,富山県 高岡市,詳細(D),F0,50,0.4〜0.5,0,0,0,0,気圧の谷
竜巻,2008/7/7 14:55,沖縄県 (海上),詳細(D),不明,不明,不明,0,0,0,0,太平洋高気圧
竜巻,2008/7/7 14:55,沖縄県 (海上),詳細(D),不明,不明,不明,0,0,0,0,太平洋高気圧
竜巻,2008/7/7 9:30,沖縄県 (海上),詳細(D),不明,不明,不明,0,0,0,0,太平洋高気圧
その他(不明を含む),2008/07/06 15時頃,栃木県 さくら市,詳細,F0,不明,不明,0,0,0,0,雷雨(熱雷)
ダウンバースト,2008/07/05 13:05頃,北海道網走支庁 北見市,詳細,F0,1000,2,0,0,0,0,気圧の谷・暖気の移流・雷雨(熱雷)
ダウンバースト,2008/07/05 13:00頃,北海道網走支庁 置戸町,詳細,F0,400,1.2,0,0,0,0,気圧の谷・暖気の移流・雷雨(熱雷)
竜巻,2008/7/3 15:00,沖縄県 (海上),詳細(D),不明,不明,不明,0,0,0,0,太平洋高気圧・気圧の谷
竜巻,2008/06/29 02時頃,高知県 安芸市,詳細(D),F0,10〜30,2,0,0,0,0,梅雨前線
竜巻,2008/06/13 16:30頃,沖縄県 (海上),詳細,不明,不明,不明,0,0,0,0,梅雨前線
竜巻,2008/06/13 15:50頃,沖縄県 (海上),詳細,不明,不明,不明,0,0,0,0,梅雨前線
竜巻,2008/6/13 10:40,青森県 北津軽郡板柳町,詳細(D),F1,90,2,0,0,0,2,日本海低気圧
竜巻,2008/06/01 12:50頃,秋田県 (海上),詳細(D),不明,不明,不明,0,0,0,0,日本海低気圧
その他(不明を含む),2008/6/1 12:55,秋田県 山本郡八峰町,詳細,F0以下,不明,不明,0,0,0,0,日本海低気圧
その他(不明を含む),2008/05/29 01時頃,岐阜県 羽島市,詳細,F0以下,不明,不明,0,0,0,0,前線帯
竜巻または漏斗雲,2008/05/27 13:00頃,沖縄県 (海上),詳細,不明,不明,不明,0,0,0,0,気圧の谷
竜巻または漏斗雲,2008/05/27 12:30頃,沖縄県 (海上),詳細,不明,不明,不明,0,0,0,0,気圧の谷
竜巻,2008/5/27 11:41,沖縄県 (海上),詳細,不明,不明,不明,0,0,0,0,気圧の谷
竜巻,2008/5/19 16:50,愛知県 (海上),詳細(D),不明,不明,不明,0,0,0,0,気圧の谷・南岸低気圧
じん旋風(つむじ風を含む),2008/05/09 12:40頃,群馬県 高崎市,詳細,F0,5,0,0,0,0,0,その他(高気圧)
竜巻,2008/05/01 18:00頃,鹿児島県 熊毛郡中種子町,詳細(D),F0,20,1.5,0,0,0,0,その他(低気圧)
竜巻または漏斗雲,2008/4/23 16:23,愛知県 豊橋市,詳細(D),不明,不明,不明,0,0,0,0,気圧の谷
その他(不明を含む),2008/04/09 17:50頃,鹿児島県 指宿市,詳細,F0,不明,不明,0,0,0,0,東シナ海低気圧
竜巻,2008/04/09 17:00頃,鹿児島県 枕崎市,詳細(D),F0,10〜20,1,0,0,0,0,東シナ海低気圧
竜巻,2008/04/07 11:20頃,高知県 土佐清水市,詳細(D),F0,50〜100,0.3,0,0,0,0,その他(低気圧)
竜巻,2008/03/27 19:00頃,鹿児島県 垂水市,詳細(D),F1,100,2,0,0,0,2,東シナ海低気圧
竜巻,2008/03/27 17:20頃,鹿児島県 いちき串木野市,詳細(D),F1,40〜50,0.7,0,0,0,0,東シナ海低気圧
竜巻,2008/3/25 21:04,神奈川県 (海上),詳細(D),不明,不明,不明,0,0,0,0,気圧の谷・寒気の移流
竜巻,2008/3/25 20:57,神奈川県 (海上),詳細(D),不明,不明,不明,0,0,0,0,気圧の谷・寒気の移流
竜巻,2008/3/25 20:53,神奈川県 (海上),詳細(D),不明,不明,不明,0,0,0,0,気圧の谷・寒気の移流
その他(不明を含む),2008/03/14 14:50頃,静岡県 袋井市,詳細,F1,150〜400,3,0,0,0,0,日本海低気圧・寒冷前線
じん旋風(つむじ風を含む),2008/03/05 14:30頃,鹿児島県 曽於市,詳細,F0,不明,不明,0,0,0,0,移動性高気圧
じん旋風(つむじ風を含む),2008/02/16 11:00頃,群馬県 前橋市,詳細,F0,30〜50,1.2,0,0,0,0,季節風
竜巻,2008/1/4 9:50,北海道胆振支庁 (海上),詳細(D),不明,不明,不明,0,0,0,0,気圧の谷・寒気の移流
竜巻,2008/1/4 9:50,北海道胆振支庁 (海上),詳細(D),不明,不明,不明,0,0,0,0,気圧の谷・寒気の移流
その他(不明を含む),2007/12/21 18時頃,沖縄県 糸満市,詳細,F0〜F1,0〜200,0.0〜0.5,0,0,0,0,気圧の谷・暖気の移流
その他(不明を含む),2007/12/20 23:10頃,石川県 羽咋郡志賀町,詳細,F0,50〜60,0.2〜0.3,0,0,0,0,日本海低気圧
竜巻,2007/12/02 01:30頃,山形県 酒田市,詳細(D),F0,100,3,0,0,0,0,気圧の谷
竜巻または漏斗雲,2007/11/22 09:00頃,富山県 (海上),詳細,不明,不明,不明,0,0,0,0,寒気の移流
その他(不明を含む),2007/10/26 11:10頃,高知県 安芸市,詳細,F0以下,100,0.2,0,0,0,0,暖気の移流・局地性じょう乱
竜巻,2007/10/17 07:45頃,北海道渡島支庁 (海上),詳細,不明,不明,不明,0,0,0,0,気圧の谷・寒気の移流
竜巻,2007/10/16 15:23頃,島根県 (海上),詳細,不明,不明,不明,0,0,0,0,気圧の谷・寒気の移流
竜巻,2007/10/16 14:41頃,島根県 (海上),詳細,不明,不明,不明,0,0,0,0,気圧の谷・寒気の移流
竜巻,2007/10/16 14:41頃,島根県 (海上),詳細,不明,不明,不明,0,0,0,0,気圧の谷・寒気の移流
竜巻,2007/10/14 17:30頃,長崎県 (海上),詳細,不明,不明,不明,0,0,0,0,気圧の谷
竜巻,2007/10/14 17:30頃,長崎県 (海上),詳細,不明,不明,不明,0,0,0,0,気圧の谷
竜巻,2007/10/14 12:55頃,三重県 (海上),詳細,不明,不明,不明,0,0,0,0,停滞前線・気圧の谷
竜巻,2007/10/11 10:25頃,青森県 (海上),詳細,不明,不明,不明,0,0,0,0,気圧の谷
竜巻,2007/10/11 09:55頃,青森県 (海上),詳細,不明,不明,不明,0,0,0,0,気圧の谷
竜巻または漏斗雲,2007/10/09 16:00頃,鹿児島県 (海上),詳細,不明,不明,不明,0,0,0,0,東シナ海低気圧
竜巻,2007/10/09 14:00頃,鹿児島県 (海上),詳細,不明,不明,不明,0,0,0,0,東シナ海低気圧
竜巻,2007/10/09 12:30頃,鹿児島県 長島町,詳細,不明,不明,不明,0,0,0,0,東シナ海低気圧
竜巻,2007/10/04 16:30頃,北海道檜山支庁 (海上),詳細,不明,不明,不明,0,0,0,0,気圧の谷
竜巻,2007/10/04 15:20頃,佐賀県 佐賀市,詳細,F0,10,0.6,0,6,0,0,太平洋高気圧・気圧の谷
竜巻,2007/10/4 13:36,北海道留萌支庁 (海上),詳細,不明,不明,不明,0,0,0,0,気圧の谷・暖気の移流
竜巻,2007/10/04 12:45頃,北海道宗谷支庁 (海上),詳細,不明,不明,不明,0,0,0,0,気圧の谷
竜巻,2007/10/4 7:50,北海道胆振支庁 (海上),詳細,不明,不明,不明,0,0,0,0,気圧の谷・暖気の移流・地形効果
竜巻,2007/10/1 14:27,北海道後志支庁 (海上),詳細,不明,不明,不明,0,0,0,0,気圧の谷・寒気の移流
竜巻,2007/10/01 15:30頃,北海道檜山支庁 (海上),詳細,不明,不明,不明,0,0,0,0,気圧の谷
竜巻,2007/10/01 14:25頃,北海道後志支庁 (海上),詳細,不明,不明,不明,0,0,0,0,気圧の谷・寒気の移流
竜巻,2007/10/01 14:10頃,北海道後志支庁 (海上),詳細,不明,不明,不明,0,0,0,0,気圧の谷・寒気の移流
竜巻,2007/10/1 11:12,北海道檜山支庁 (海上),詳細,不明,不明,不明,0,0,0,0,気圧の谷・寒気の移流
竜巻,2007/10/1 10:38,北海道檜山支庁 (海上),詳細,不明,不明,不明,0,0,0,0,気圧の谷・寒気の移流
竜巻,2007/9/25 16:45,沖縄県 (海上),詳細,不明,不明,不明,0,0,0,0,気圧の谷・熱帯低気圧(台風以外)
竜巻または漏斗雲,2007/09/14 15:05頃,宮崎県 延岡市,詳細,不明,不明,不明,0,0,0,0,台風
竜巻,2007/09/09 09:54頃,福岡県 (海上),詳細,不明,不明,不明,0,0,0,0,気圧の谷・局地性じょう乱
その他(不明を含む),2007/09/06 22時頃,千葉県 匝瑳市,詳細,不明,不明,不明,0,0,#,#,台風
竜巻,2007/09/06 12:00頃,埼玉県 深谷市,詳細(D),F0,100,5,0,0,0,0,台風
その他(不明を含む),2007/09/06 02:40頃,東京都 調布市,詳細,F1,100,1.5,0,1,0,0,台風
竜巻または漏斗雲,2007/09/02 13:02頃,沖縄県 (海上),詳細,不明,不明,不明,0,0,0,0,太平洋高気圧・雷雨(熱雷)
竜巻,2007/09/02 12:42頃,沖縄県 (海上),詳細,不明,不明,不明,0,0,0,0,太平洋高気圧・雷雨(熱雷)
竜巻,2007/9/2 12:27,沖縄県 (海上),詳細,不明,不明,不明,0,0,0,0,太平洋高気圧・雷雨(熱雷)
竜巻または漏斗雲,2007/8/29 13:40,沖縄県 (海上),詳細,不明,不明,不明,0,0,0,0,その他(高気圧)・気圧の谷
竜巻または漏斗雲,2007/8/29 13:25,沖縄県 (海上),詳細,不明,不明,不明,0,0,0,0,その他(高気圧)・気圧の谷
竜巻,2007/08/29 13:10頃,徳島県 徳島市,詳細,F1,30,2.2,0,0,0,0,前線帯
竜巻,2007/08/28 17:30頃,沖縄県 (海上),詳細,不明,不明,不明,0,0,0,0,雷雨(熱雷)
竜巻,2007/08/28 15:40頃,沖縄県 (海上),詳細,不明,不明,不明,0,0,0,0,雷雨(熱雷)
竜巻,2007/08/24 08:20頃,山形県 (海上),詳細,不明,不明,不明,0,0,0,0,気圧の谷
竜巻,2007/08/24 08:20頃,山形県 (海上),詳細,不明,不明,不明,0,0,0,0,気圧の谷
竜巻,2007/08/23 17:40頃,山形県 (海上),詳細,不明,不明,不明,0,0,0,0,気圧の谷
竜巻,2007/08/23 17:40頃,秋田県 (海上),詳細(D),不明,不明,不明,0,0,0,0,気圧の谷
その他(不明を含む),2007/08/22 16:00頃,福島県 いわき市,詳細,F0,10〜30,0.0〜0.1,0,0,0,0,寒冷前線
ダウンバーストまたはガストフロント,2007/08/20 16時頃,栃木県 宇都宮市,詳細,F0,1500〜1700,2.5,0,0,不明,不明,太平洋高気圧・雷雨(熱雷)
その他(不明を含む),2007/08/20 16:50頃,京都府 京都市,詳細,F0,不明,不明,0,2,0,0,雷雨(熱雷)
その他(不明を含む),2007/08/19 17:50頃,兵庫県 (海上),詳細,不明,3000〜3500,0.3〜0.4,0,0,0,0,雷雨(熱雷)
その他(不明を含む),2007/8/7 16:15,福岡県 飯塚市,詳細,F0,不明,不明,0,0,0,0,太平洋高気圧・局地性じょう乱・雷雨(熱雷)
ガストフロント,2007/08/06 17時頃,熊本県 熊本市,詳細,F0,不明,不明,0,0,0,0,雷雨(熱雷)
ダウンバースト,2007/08/06 15:00頃,富山県 高岡市,詳細,F1,600,1.1,0,0,1,0,雷雨(熱雷)
竜巻,2007/08/03 18:00頃,佐賀県 佐賀市,詳細,F0,200,0.4,0,0,0,0,太平洋高気圧・局地性じょう乱
竜巻,2007/7/30 10:00,沖縄県 (海上),詳細,不明,不明,不明,0,0,0,0,気圧の谷
その他(不明を含む),2007/07/15 02:30頃,千葉県 匝瑳市,詳細,不明,不明,0.5,0,0,0,0,台風・梅雨前線
ダウンバースト,2007/7/12 11:50,愛知県 豊田市,詳細,F1,5〜700,4.3,0,1,0,1,梅雨前線・雷雨(熱雷を除く)
ダウンバースト,2007/07/12 09:40頃,滋賀県 彦根市,詳細,F0,1800,2,0,0,0,0,梅雨前線
竜巻,2007/6/10 11:37,千葉県 白井市,詳細(D),F0,25以下,0,0,0,0,0,雷雨(熱雷を除く)・寒気の移流
竜巻,2007/5/31 17:30,千葉県 (海上),詳細,不明,不明,不明,0,0,0,0,雷雨(熱雷を除く)・寒気の移流
竜巻,2007/05/31 14:00頃,北海道空知支庁 長沼町,詳細(D),F0,不明,不明,0,0,0,0,気圧の谷・寒気の移流
その他(不明を含む),2007/5/13 14:30,兵庫県 新温泉町,詳細,不明,5〜50,不明,0,4,0,0,移動性高気圧
その他(不明を含む),2007/05/10 15:30頃,群馬県 渋川市,詳細,F1,60,0.1,0,0,0,0,その他(低気圧)・寒気の移流・雷雨(熱雷を除く)
その他(不明を含む),2007/05/10 15:30頃,群馬県 高崎市,詳細,F1,100,0.1,0,0,0,0,その他(低気圧)・寒気の移流・雷雨(熱雷を除く)
その他(不明を含む),2007/04/28 15:15頃,神奈川県 横浜市,詳細,F0〜F1,不明,不明,0,1,0,0,寒気の移流
ガストフロント,2007/04/28 15:20頃,東京都 江戸川区,詳細,不明,不明,不明,0,21,0,0,その他(低気圧)
じん旋風(つむじ風を含む),2007/04/23 13:25頃,北海道上川支庁 旭川市,詳細,不明,不明,不明,0,0,0,0,移動性高気圧
その他(不明を含む),2007/04/18 08:00頃,沖縄県 宮古島市,詳細,F0,50〜150,1.4〜1.6,0,0,0,0,寒冷前線
竜巻,2007/04/18 07:55頃,沖縄県 宮古島市,詳細,F1,50〜350,8.5〜9.0,0,0,0,0,寒冷前線
その他(不明を含む),2007/4/14 2:01,静岡県 掛川市,詳細,F0,400,4,0,0,0,0,日本海低気圧・寒冷前線
その他(不明を含む),2007/04/13 19:50頃,高知県 南国市,詳細,不明,不明,3,0,0,0,0,日本海低気圧・寒冷前線
竜巻,2007/4/4 10:29,鳥取県 (海上),詳細,不明,不明,不明,0,0,0,0,日本海低気圧・雷雨(熱雷)・寒気の移流
その他(不明を含む),2007/03/30 01:30頃,鳥取県 米子市,詳細,F1,200,2.5,0,0,0,0,寒冷前線・雷雨(熱雷を除く)
その他(不明を含む),2007/03/15 15:20頃,沖縄県 沖縄市,詳細,不明,不明,不明,0,0,0,0,気圧の谷・暖気の移流
その他(不明を含む),2007/03/15 15時頃,沖縄県 沖縄市,詳細,F1,50〜150,4.3,0,0,0,0,気圧の谷・暖気の移流
竜巻,2007/03/15 14:55頃,沖縄県 中頭郡読谷村,詳細(D),F1,50〜200,1.6,0,0,0,0,気圧の谷・暖気の移流
その他(不明を含む),2007/03/12 11:30頃,福島県 南相馬市,詳細,F0,10〜20,0.8〜1.2,0,0,0,0,寒冷前線・局地性じょう乱
竜巻,2007/03/03 07時頃,沖縄県 (海上),詳細,不明,不明,不明,0,0,0,0,気圧の谷
竜巻,2007/03/03 07時頃,沖縄県 (海上),詳細,不明,不明,不明,0,0,0,0,気圧の谷
竜巻,2007/03/03 07時頃,沖縄県 (海上),詳細,不明,不明,不明,0,0,0,0,気圧の谷
竜巻,2007/03/03 07時頃,沖縄県 (海上),詳細,不明,不明,不明,0,0,0,0,気圧の谷
その他(不明を含む),2007/02/14 15:40頃,和歌山県 日高郡印南町,詳細,不明,300〜400,0.3〜0.4,0,0,0,0,日本海低気圧・寒冷前線
その他(不明を含む),2007/02/14 18:10頃,静岡県 袋井市,詳細,F1,200,1.7,0,5,0,3,日本海低気圧・寒冷前線
竜巻,2007/02/14 15:40頃,和歌山県 日高郡印南町,詳細,F1,200,1,0,0,0,0,日本海低気圧・寒冷前線
竜巻,2007/02/14 06時頃,沖縄県 島尻郡座間味村,詳細,F0〜F1,20,0.1,0,0,0,0,寒冷前線・暖気の移流
その他(不明を含む),2006/12/27 01時頃,茨城県 結城市,詳細,F1,400,3.2,0,0,0,0,南岸低気圧・暖気の移流
その他(不明を含む),2006/11/26 22:00頃,和歌山県 白浜町,詳細,F0,不明,不明,0,0,0,0,南岸低気圧・暖気の移流
竜巻,2006/11/26 15:35,高知県 土佐清水市,詳細,F1,50〜100,1,0,0,0,0,南岸低気圧・暖気の移流
竜巻,2006/11/22 13:00頃,沖縄県 東村,詳細(D),F1,150,0.3,0,0,0,0,停滞前線・暖気の移流
竜巻,2006/11/18 12:47,沖縄県 名護市,詳細(D),F2,50,0.3〜0.4,0,3,0,0,停滞前線
その他(不明を含む),2006/11/14 08:10頃,山形県 酒田市,詳細,F0,50,0.7〜0.9,0,0,0,0,寒冷前線
竜巻,2006/11/11 07:20頃,山口県 山口市,詳細,F0,40,0.4,0,0,0,0,寒冷前線
竜巻,2006/11/09 12:05頃,北海道檜山支庁 奥尻郡奥尻町,詳細,F1,100,0.6〜1.5,0,0,0,0,寒冷前線・暖気の移流
その他(不明を含む),2006/11/09 09:50頃,長崎県 (海上),詳細,不明,不明,不明,0,0,0,0,移動性高気圧
竜巻,2006/11/07 11時頃,北海道日高支庁 日高町,詳細,不明,不明,不明,0,0,0,0,寒冷前線
竜巻,2006/11/7 13:23,北海道網走支庁 佐呂間町,詳細,F3,100〜300,1.4,9,31,7,7,寒冷前線・暖気の移流
竜巻,2006/11/07 11:40頃,北海道日高支庁 日高町,詳細(D),F1,20〜100,2.5,0,0,0,0,寒冷前線・暖気の移流
竜巻,2006/11/06 12:00頃,和歌山県 (海上),詳細,不明,不明,不明,0,0,0,0,日本海低気圧
その他(不明を含む),2006/10/20 10:30頃,石川県 羽咋郡志賀町,詳細,不明,100,0.5,0,0,0,0,寒冷前線
その他(不明を含む),2006/10/11 21:50頃,北海道胆振支庁 むかわ町,詳細,F0〜F1,不明,不明,0,0,0,0,寒冷前線・暖気の移流
その他(不明を含む),2006/10/12 00時頃,北海道日高支庁 新ひだか町,詳細,F0,不明,不明,0,0,0,0,寒冷前線
その他(不明を含む),2006/10/11 22時頃,北海道日高支庁 新ひだか町,詳細,F0,不明,不明,0,0,0,0,寒冷前線
竜巻,2006/10/11 22:15頃,北海道日高支庁 新ひだか町,詳細,F1,30,0.4,0,0,0,0,寒冷前線
竜巻,2006/10/11 22時頃,北海道日高支庁 新ひだか町,詳細,F1,30,0.5,0,0,0,0,寒冷前線
竜巻,2006/10/11 22:10頃,北海道日高支庁 平取町,詳細(D),F1,30,1.3,0,0,0,0,寒冷前線
ダウンバースト,2006/10/11 20:50頃,北海道渡島支庁 函館市,詳細,F1,60,0.3,0,0,0,1,寒冷前線
竜巻,2006/9/25 11:40,沖縄県 南大東村,詳細,F0,不明,不明,0,0,0,0,その他
竜巻,2006/09/19 17:30頃,高知県 (海上),詳細,不明,不明,不明,0,0,0,0,寒気の移流
その他(不明を含む),2006/9/17 20:30,高知県 安芸市,詳細,F0,50,1.2,0,0,0,0,台風・暖気の移流
その他(不明を含む),2006/09/17 15:41頃,大分県 大分市,詳細,F1〜F2,250〜500,0.5,0,0,1,0,台風
竜巻,2006/09/17 15:05頃,大分県 臼杵市,詳細,F2,250,1,0,0,1,5,台風
その他(不明を含む),2006/09/17 14:00頃,熊本県 球磨郡湯前町,詳細,F1,不明,不明,0,0,0,0,台風
竜巻,2006/9/17 14:03,宮崎県 延岡市,詳細,F2,150〜300,7.5,3,143,#,#,台風
竜巻,2006/9/17 13:30,宮崎県 日向市,詳細,F1,200,2,0,#,#,#,台風
竜巻,2006/9/17 12:10,宮崎県 日南市,詳細,F1,80,0.3,0,#,#,0,台風
竜巻,2006/08/29 14:16頃,沖縄県 (海上),詳細,不明,不明,不明,0,0,0,0,気圧の谷
竜巻,2006/08/28 15:50頃,沖縄県 (海上),詳細,不明,不明,不明,0,0,0,0,太平洋高気圧
じん旋風(つむじ風を含む),2006/8/26 14:18,秋田県 大仙市,詳細,F0,4〜5,0,0,7,0,0,その他(高気圧)
その他(不明を含む),2006/08/23 09:25頃,富山県 下新川郡入善町,詳細,不明,不明,0.0以下,0,0,0,0,寒気の移流・暖気の移流
竜巻,2006/08/13 17:05頃,佐賀県 (海上),詳細,不明,不明,不明,0,0,0,0,雷雨(熱雷)
竜巻,2006/08/13 16時頃,佐賀県 佐賀市,詳細,F0,100,0.5,0,0,0,0,雷雨(熱雷)
その他(不明を含む),2006/08/12 15:40頃,岐阜県 海津市,詳細,F0,不明,不明,0,0,0,0,雷雨(熱雷)
その他(不明を含む),2006/08/12 08:00頃,新潟県 柏崎市,詳細,F0〜F1,不明,不明,0,4,0,0,気圧の谷・雷雨(熱雷を除く)
ガストフロント,2006/07/15 16:40頃,山梨県 峡東地域,詳細,F0,11000,15,0,1,0,0,雷雨(熱雷)
その他(不明を含む),2006/07/15 13時頃,東京都 昭島市,詳細,F0,不明,不明,0,0,0,0,雷雨(熱雷)・寒気の移流
竜巻,2006/7/5 4:30,高知県 香美市,詳細,F0〜F1,200,0.8,0,0,0,0,梅雨前線・日本海低気圧・暖気の移流
その他(不明を含む),2006/07/05 04:00頃,高知県 高知市,詳細,F0〜F1,50以下,0.3〜0.5,0,0,0,1,梅雨前線・日本海低気圧・暖気の移流
ダウンバースト,2006/07/03 13:00頃,栃木県 高根沢町,詳細,F0〜F1,450,4.5,0,0,不明,不明,気圧の谷・寒気の移流
その他(不明を含む),2006/07/02 11:30頃,岐阜県 加茂郡白川町,詳細,F1,20,0.3,0,0,0,0,日本海低気圧・寒冷前線
その他(不明を含む),2006/07/02 11:15頃,岐阜県 加茂郡八百津町,詳細,F0,20,1.2,0,0,0,0,日本海低気圧・寒冷前線
その他(不明を含む),2006/07/02 11:35頃,岐阜県 恵那市,詳細,F1,300,0.4,0,0,0,0,日本海低気圧・寒冷前線
その他(不明を含む),2006/07/02 11:30頃,岐阜県 瑞浪市,詳細,F0,100,2,0,0,0,0,日本海低気圧・寒冷前線
ダウンバースト,2006/06/28 20:15頃,群馬県 館林市,詳細,F1,100〜1500,3,0,0,0,0,雷雨(熱雷)・寒気の移流
その他(不明を含む),2006/6/14 14:58,高知県 (海上),詳細,不明,0,0,0,0,0,0,暖気の移流
竜巻,2006/06/12 16:45頃,熊本県 阿蘇市,詳細,不明,不明,不明,0,0,0,0,気圧の谷
竜巻,2006/06/12 16:30頃,熊本県 阿蘇市,詳細,F0,10,0,0,0,0,0,気圧の谷
ダウンバースト,2006/6/10 15:12,沖縄県 糸満市,詳細,F0,400,0.6,0,0,0,0,梅雨前線・暖気の移流
その他(不明を含む),2006/05/20 16:00頃,茨城県 結城郡八千代町,詳細,F1,200,3.3,0,0,不明,不明,寒冷前線・雷雨(熱雷を除く)・気圧の谷
その他(不明を含む),2006/05/20 15:35頃,埼玉県 坂戸市,詳細(D),不明,50〜100,0.8,0,0,0,0,雷雨(熱雷)・局地性じょう乱
竜巻,2006/05/20 15:30頃,埼玉県 所沢市,詳細(D),F0,100,0.9,0,2,0,0,雷雨(熱雷)・局地性じょう乱
竜巻,2006/04/20 12:10頃,神奈川県 藤沢市,詳細(D),F1,30,0.8,0,0,0,1,寒冷前線
その他(不明を含む),2006/3/30 15:00,高知県 香南市,詳細,F0,不明,不明,0,0,0,0,寒気の移流
竜巻,2006/03/28 16:00頃,和歌山県 串本町,詳細,F1〜F2,不明,2.5,0,0,0,0,日本海低気圧・寒冷前線
竜巻,2006/02/06 10:45頃,沖縄県 (海上),詳細,不明,不明,不明,0,0,0,0,寒冷前線・寒気の移流
竜巻,2006/1/19 19:10,鹿児島県 瀬戸内町,詳細,F1,30〜40,0.2,0,0,0,0,停滞前線
その他(不明を含む),2005/12/26 11:10頃,秋田県 山本郡峰浜村,詳細,F0〜F1,150以下,1.5以下,0,0,#,0,その他(低気圧)
その他(不明を含む),2005/12/26 11:10頃,秋田県 山本郡峰浜村,詳細,F0,不明,不明,0,0,2*,0,その他(低気圧)
その他(不明を含む),2005/12/25 19:10頃,山形県 酒田市,詳細,F1,100,9,5,33,0,0,寒冷前線
竜巻,2005/12/25 19:10頃,山形県 酒田市,詳細,F1,10〜100,2,0,0,0,0,寒冷前線
竜巻,2005/12/7 11:08,北海道渡島支庁 (海上),詳細,不明,不明,不明,0,0,0,0,気圧の谷・不安定線
竜巻,2005/12/7 11:03,北海道渡島支庁 (海上),詳細,不明,不明,不明,0,0,0,0,気圧の谷・不安定線
竜巻またはダウンバースト,2005/12/5 11:50,島根県 出雲市,詳細,F1,10〜25,0.1,0,0,0,0,寒気の移流
竜巻,2005/11/18 13:00,石川県 (海上),詳細,不明,不明,不明,0,0,0,0,寒気の移流
その他(不明を含む),2005/11/08 09:30頃,石川県 羽咋郡志賀町,詳細,不明,50〜100,0.1,0,0,0,0,寒冷前線
竜巻またはダウンバースト,2005/11/08 12:05頃,秋田県 南秋田郡大潟村,詳細,F1,100以下,2.3,0,2,0,0,日本海低気圧・寒冷前線
その他(不明を含む),2005/10/22 22:45,島根県 大田市,詳細,不明,不明,不明,0,0,0,0,季節風・寒気の移流
竜巻,2005/10/02 19:30頃,北海道胆振支庁 伊達市,詳細,F0,不明,0.4〜0.5,0,0,0,0,寒冷前線
竜巻,2005/09/05 10:30頃,宮崎県 宮崎市,詳細,F1〜F2,200,5.0〜7.0,0,#,#,#,台風
竜巻,2005/9/5 10:10,宮崎県 宮崎市,詳細,F1,50,1.8,0,#,#,#,台風
その他(不明を含む),2005/08/12 11:50頃,岐阜県 瑞穂市,詳細,F0,40,1.5,0,0,0,0,気圧の谷・雷雨(熱雷)
竜巻,2005/08/10 13:30頃,新潟県 三条市,詳細,F0〜F1,50〜100,0.7,0,4,0,0,停滞前線・暖気の移流
その他(不明を含む),2005/07/07 13時頃,栃木県 今市市,詳細,F0〜F1,不明,不明,0,0,0,0,気圧の谷・雷雨(熱雷)
その他(不明を含む),2005/07/02 14時頃,栃木県 大平町,詳細,F0〜F1,不明,不明,0,0,0,0,梅雨前線・雷雨(熱雷)
その他(不明を含む),2005/06/20 15:48頃,埼玉県 秩父市,詳細,不明,不明,不明,0,0,0,0,寒気の移流・雷雨(熱雷)
ダウンバースト,2005/6/4 17:45,大阪府 豊中市,詳細,F0,不明,不明,0,0,0,0,寒気の移流・雷雨(熱雷を除く)
竜巻,2005/6/4 12:40,長野県 長野市,詳細,F0〜F1,200,2.3,0,0,0,0,寒気の移流・雷雨(熱雷を除く)
その他(不明を含む),2005/05/15 15:45頃,神奈川県 相模原市,詳細,F0〜F1,10〜50,0.5〜1.5,0,2,0,0,寒冷前線・雷雨(熱雷を除く)
その他(不明を含む),2005/05/15 15:20頃,東京都 町田市,詳細,F0〜F1,300〜400,0.4〜0.5,0,不明,不明,不明,気圧の谷・雷雨(熱雷を除く)
その他(不明を含む),2005/05/15 15:00頃,東京都 八王子市,詳細(D),F1,0〜150,2.0〜2.2,0,不明,不明,不明,気圧の谷・雷雨(熱雷を除く)
竜巻,2005/05/01 15:00頃,高知県 高知市,詳細,F0〜F1,80,1.5,0,0,0,0,その他(低気圧)・暖気の移流
その他(不明を含む),2005/04/26 16:30頃,千葉県 一宮町,詳細,不明,10,0,0,0,0,0,寒気の移流
竜巻,2005/01/27 17時頃,沖縄県 読谷村,詳細(D),F1,30〜50,1.2,0,0,0,0,寒冷前線・暖気の移流
竜巻,2005/01/12 07:50頃,鳥取県 (海上),詳細,不明,不明,不明,0,0,0,0,季節風・寒気の移流
その他(不明を含む),2004/11/11 14:30頃,和歌山県 御坊市,詳細,F0,不明,不明,0,0,0,0,日本海低気圧・暖気の移流
その他(不明を含む),2004/11/01 00:50頃,愛知県 額田郡幸田町,詳細,不明,不明,不明,0,0,0,0,日本海低気圧・南岸低気圧・二つ玉低気圧
竜巻,2004/10/22 16:50頃,北海道日高支庁 門別町,詳細(D),F2,不明,0.4〜0.5,0,0,0,4,寒冷前線・暖気の移流
その他(不明を含む),2004/10/09 17:10頃,神奈川県 横浜市,詳細,F1,400〜800,1.0〜1.2,0,0,0,0,台風
その他(不明を含む),2004/10/09 16:00頃,静岡県 伊東市,詳細,不明,不明,1,#,#,#,#,台風
竜巻,2004/9/30 3:07,東京都 大田区,詳細(D),F1〜F2,0〜200,1.5,0,0,不明,不明,台風
竜巻,2004/9/29 23:01,愛知県 豊橋市,詳細(D),F0〜F1,50〜150,6,0,3,0,6,台風
その他(不明を含む),2004/09/29 19:30頃,静岡県 小笠郡菊川町、榛原郡相良町,詳細,F0〜F1,50〜70,0.4〜1.0,0,0,0,1,台風
竜巻,2004/09/27 20:50頃,沖縄県 今帰仁村,詳細,F1,10,0.4,0,0,0,0,台風
竜巻,2004/09/27 20:30頃,沖縄県 名護市,詳細(D),F1,30〜40,0.3,0,1,0,0,台風
竜巻,2004/09/22 11:56頃,茨城県 伊奈町,詳細,不明,不明,不明,不明,不明,不明,不明,停滞前線・暖気の移流
竜巻,2004/09/16 14時頃,福岡県 北九州市,詳細,F1,100,2,0,0,0,0,暖気の移流・雷雨(熱雷)
ガストフロント,2004/9/8 1:30,静岡県 富士市,詳細,不明,50〜150,7.5,#,#,#,#,台風・暖気の移流
その他(不明を含む),2004/09/03 10時頃,北海道後志支庁 小樽市,詳細,不明,不明,不明,0,1,0,0,寒気の移流
竜巻,2004/08/25 12:10頃,北海道十勝支庁 音更町,詳細,F0,100,1.7,0,0,0,0,その他(高気圧)・寒気の移流・雷雨(熱雷)
ダウンバースト,2004/08/21 16:00頃,北海道石狩支庁 千歳市,詳細,F0,1200〜1500,2.0〜2.5,0,0,0,0,寒気の移流
竜巻,2004/08/15 12:30頃,北海道宗谷支庁 (海上),詳細,不明,不明,不明,0,0,0,0,気圧の谷
竜巻,2004/8/15 12:10,北海道宗谷支庁 礼文郡礼文町,詳細,F0未満,不明,不明,0,0,0,0,気圧の谷
じん旋風(つむじ風を含む),2004/08/03 10:30頃,兵庫県 西宮市,詳細,F0,0,0,0,0,0,0,その他(高気圧)
その他(不明を含む),2004/07/26 18時頃,北海道檜山支庁 檜山郡厚沢部町,詳細,F1,不明,不明,0,0,0,0,寒冷前線・暖気の移流
その他(不明を含む),2004/07/21 15:00頃,神奈川県 箱根町,詳細,F0〜F1,不明,0.5〜0.8,0,0,0,0,雷雨(熱雷)
その他(不明を含む),2004/07/21 15:00頃,神奈川県 小田原市,詳細,F0〜F1,不明,0.5〜0.8,0,0,0,0,雷雨(熱雷)
その他(不明を含む),2004/07/16 18時頃,栃木県 大平町,詳細,F0〜F1,不明,不明,0,0,0,0,停滞前線
その他(不明を含む),2004/07/11 14:30頃,茨城県 那珂町,詳細,不明,不明,不明,0,1,不明,不明,寒気の移流・雷雨(熱雷)
その他(不明を含む),2004/07/10 時刻不明,福島県 会津坂下町,詳細,不明,不明,不明,0,0,0,0,雷雨(熱雷)
その他(不明を含む),2004/07/09 18時頃,長野県 長野市,詳細,F1,不明,不明,0,0,0,0,雷雨(熱雷)・暖気の移流
その他(不明を含む),2004/07/09 18:15頃,福井県 勝山市,詳細,不明,不明,不明,0,0,0,0,雷雨(熱雷)
その他(不明を含む),2004/7/9 17:10,大阪府 堺市,詳細,不明,不明,不明,0,0,0,0,雷雨(熱雷)
その他(不明を含む),2004/07/08 10:30頃,長崎県 長与町,詳細,F0〜F1,20,0.1〜0.2,0,0,0,0,日本海低気圧・寒冷前線・暖気の移流
ダウンバースト,2004/06/29 20:15頃,栃木県 那珂川町,詳細,F0〜F1,1000,1,0,0,0,36,雷雨(熱雷)
竜巻,2004/06/27 07:50頃,佐賀県 鳥栖市,詳細,F1,40,1.3,0,0,0,0,梅雨前線
その他(不明を含む),2004/06/27 07:35頃,佐賀県 千代田町,詳細,F0,不明,7,0,0,0,0,梅雨前線
竜巻,2004/6/27 7:17,佐賀県 佐賀市,詳細,F2,200〜400,8,0,15,15,25,梅雨前線
竜巻,2004/06/01 14:15頃,沖縄県 北中城村,詳細,不明,不明,不明,0,0,0,0,梅雨前線・暖気の移流
その他(不明を含む),2004/4/27 4:53,宮崎県 日南市,詳細,不明,200,0.3,0,0,0,0,寒冷前線
じん旋風(つむじ風を含む),2004/04/25 14:30頃,栃木県 今市市,詳細,F0,不明,不明,0,0,0,0,その他(高気圧)
その他(不明を含む),2004/02/23 11:50頃,東京都 世田谷区,詳細,F0〜F1,50,0.0〜0.1,0,0,不明,不明,季節風・寒気の移流
その他(不明を含む),2004/02/22 22:10頃,愛知県 渥美町,詳細,不明,不明,不明,0,0,0,0,寒冷前線
その他(不明を含む),2004/02/05 15:10頃,新潟県 柏崎市,詳細,F0〜F1,100〜150,不明,0,0,0,0,季節風・寒気の移流・気圧の谷
その他(不明を含む),2003/12/18 02:00頃,石川県 内灘町,詳細,不明,70,0.1,0,0,0,0,寒冷前線
竜巻,2003/11/12 09:20頃,長崎県 (海上),詳細,不明,不明,不明,0,0,0,0,気圧の谷・寒気の移流
その他(不明を含む),2003/10/25 20:00頃,北海道胆振支庁 勇払郡厚真町,詳細,F1〜F2,不明,12.0〜13.0,0,0,0,0,寒冷前線
竜巻,2003/10/18 16:25頃,福井県 (海上),詳細,不明,不明,不明,不明,不明,不明,不明,暖気の移流
ダウンバースト,2003/10/13 15:30頃,茨城県 神栖町,詳細,F1〜F2,1000〜3000,6.5,2,7,不明,不明,その他(低気圧)・寒冷前線
ダウンバースト,2003/10/13 15:00,千葉県 成田市,詳細(D),F1,100〜150,0.2,0,#,#,#,その他(低気圧)
ダウンバースト,2003/10/13 15:00頃,千葉県 成田市,詳細(D),F1,100〜150,0.3,0,#,#,#,その他(低気圧)
その他(不明を含む),2003/10/13 09:00頃,愛知県 海部郡蟹江町,詳細,不明,不明,不明,不明,不明,不明,不明,南岸低気圧・停滞前線
竜巻,2003/10/12 10:00頃,高知県 安芸市,詳細,F0〜F1,200,1.2,0,0,0,0,停滞前線・暖気の移流
竜巻,2003/10/12 04:25頃,宮崎県 延岡市,詳細,F0,10〜30,2.0〜4.2,不明,不明,不明,不明,その他(低気圧)
竜巻,2003/09/29 14時頃,北海道日高支庁 (海上),詳細,不明,不明,不明,0,0,0,0,気圧の谷
その他(不明を含む),2003/09/25 16:30頃,鹿児島県 大島郡喜界町,詳細,不明,不明,不明,0,0,0,0,寒冷前線
その他(不明を含む),2003/09/15 02時頃,新潟県 村上市,詳細,不明,不明,不明,0,0,0,0,気圧の谷・寒気の移流
竜巻,2003/09/12 13:00頃,高知県 高知市,詳細,F1,150以下,0.0〜2.0,0,1,0,0,台風・暖気の移流
その他(不明を含む),2003/08/30 17:50頃,長崎県 郷ノ浦町,詳細,F0〜F1,不明,不明,0,0,0,0,停滞前線・暖気の移流
竜巻,2003/08/28 08:15頃,山口県 山陽町,詳細,F1,50〜150,7,0,0,0,0,寒冷前線・局地性じょう乱
その他(不明を含む),2003/8/26 23:40,愛知県 東海市,詳細,不明,不明,不明,不明,不明,不明,不明,停滞前線
竜巻,2003/08/25 15時頃,岩手県 北上市,詳細,F0〜F1,500,6,0,0,0,0,停滞前線・暖気の移流・日本海低気圧
その他(不明を含む),2003/08/08 21:00頃,群馬県 邑楽郡大泉町,詳細,F1,不明,0.5,0,#,0,0,台風・暖気の移流
竜巻,2003/08/08 20:30頃,埼玉県 熊谷市,詳細(D),F0〜F1,400,0.4,0,0,0,0,台風
竜巻,2003/08/08 07:20頃,宮崎県 日向市,詳細,F0〜F1,30〜40,1.5,0,1,0,0,台風
竜巻,2003/08/08 01:40頃,宮崎県 日南市,詳細,F0〜F1,20〜30,1.5,0,0,0,#,台風
その他(不明を含む),2003/08/05 17:30頃,愛知県 豊田市,詳細,不明,30,0.2,0,0,0,0,停滞前線
ガストフロント,2003/07/19 07:50頃,広島県 (海上),詳細,不明,不明,不明,0,0,0,0,寒冷前線・暖気の移流
竜巻,2003/07/19 07:20頃,山口県 岩国市,詳細,F1〜F2,50〜200,0.4,0,1,0,2,梅雨前線
その他(不明を含む),2003/07/18 23:30頃,山口県 佐波郡徳地町,詳細,不明,150,0.4,0,0,0,0,梅雨前線
竜巻,2003/07/18 23:30頃,山口県 佐波郡徳地町,詳細,F1,50,0.4,0,0,0,0,梅雨前線
その他(不明を含む),2003/07/11 18:00頃,茨城県 鹿島郡大洋村,詳細,F1,1000,1,0,0,不明,不明,梅雨前線・局地性じょう乱・雷雨(熱雷)
竜巻,2003/06/19 09:00頃,宮崎県 東臼杵郡門川町,詳細,F1,50,1.8〜2.0,0,1,#,0,台風
竜巻,2003/06/07 18:10頃,和歌山県 (海上),詳細,不明,不明,不明,0,0,0,0,局地性じょう乱・寒気の移流
その他(不明を含む),2003/05/31 09時頃,岐阜県 中津川市,詳細,F0,不明,不明,0,0,0,0,台風
竜巻,2003/01/11 15:40頃,東京都 (海上),詳細,不明,不明,不明,0,0,0,0,気圧の谷
竜巻,2002/12/16 18:10,高知県 室戸市,詳細,F0〜F1,300,0.3,0,0,0,0,日本海低気圧・暖気の移流
その他(不明を含む),2002/12/11 03:30頃,福井県 南条郡河野村,詳細,不明,不明,不明,0,0,0,1,寒気の移流
竜巻,2002/11/05 10:30頃,福井県 (海上),詳細,不明,不明,不明,不明,不明,不明,不明,寒気の移流
竜巻,2002/11/4 11:20,石川県 加賀市,詳細,F0,30,0.2,0,0,0,0,寒気の移流
竜巻,2002/11/03 16:00頃,香川県 (海上),詳細,不明,0,0,0,0,0,0,寒気の移流
ダウンバースト,2002/10/15 23:30,宮城県 金成町,詳細,F1,30〜70,0.2,0,0,0,0,寒冷前線・日本海低気圧
ダウンバースト,2002/10/15 23:30,宮城県 金成町,詳細,F1,150,0.3,0,0,0,0,寒冷前線・日本海低気圧
ダウンバースト,2002/10/15 22:40頃,宮城県 金成町,詳細,F0,50〜150,0.5,0,0,不明,不明,寒冷前線・日本海低気圧
ダウンバースト,2002/10/15 22時頃,宮城県 金成町,詳細,F1,40〜80,0.4,0,0,0,0,寒冷前線・日本海低気圧
ダウンバースト,2002/10/15 22:40頃,宮城県 金成町,詳細,F1,20〜30,0.2〜0.3,0,0,0,0,寒冷前線・日本海低気圧
ダウンバースト,2002/10/15 22:40頃,宮城県 金成町、栗駒町,詳細,F1,1100,1.3,0,0,0,0,寒冷前線・日本海低気圧
竜巻またはダウンバースト,2002/10/15 21:30頃,静岡県 磐田郡浅羽町、小笠郡大須賀町、小笠郡大東町,詳細,F0,不明,不明,0,0,不明,不明,日本海低気圧・寒冷前線
ダウンバースト,2002/10/15 16:10頃,福井県 丹生郡織田町,詳細,F0〜F1,60,4,0,1,0,0,寒冷前線
その他(不明を含む),2002/10/15 13時頃,広島県 宮島町,詳細,F1,不明,不明,0,0,0,0,寒冷前線
竜巻,2002/10/07 03:50頃,神奈川県 横須賀市,詳細(D),F1,50〜100,2,0,3,不明,不明,日本海低気圧・雷雨(熱雷を除く)・暖気の移流
竜巻,2002/10/07 03:05頃,東京都 大島町,詳細,F1,0〜200,1.6,0,0,1,0,日本海低気圧
竜巻またはダウンバースト,2002/10/6 22:38,愛知県 南知多町,詳細,F1,90,0.8,0,0,0,0,二つ玉低気圧
竜巻,2002/10/6 14:50,鹿児島県 鹿児島市,詳細,F1,600,0.4,0,0,0,0,寒冷前線
竜巻,2002/10/6 14:30,鹿児島県 加世田市,詳細,F1,100〜150,3,0,0,0,0,寒冷前線
竜巻,2002/09/24 13:15頃,秋田県 由利本荘市,詳細,F1,200以下,0.7,0,0,0,0,寒気の移流
竜巻,2002/09/23 14:30頃,富山県 下新川郡朝日町,詳細,F0〜F1,500,1.8〜2.0,0,0,0,0,寒気の移流・局地性じょう乱
その他(不明を含む),2002/09/12 20:10頃,埼玉県 上尾市,詳細,不明,不明,不明,0,3,0,0,停滞前線・雷雨(熱雷)
その他(不明を含む),2002/09/01 15:05頃,福井県 今立郡今立町,詳細,不明,不明,不明,0,9,0,0,台風
竜巻またはダウンバースト,2002/08/10 11:50頃,秋田県 にかほ市,詳細,F1〜F2,200以下,4,0,0,0,0,停滞前線・暖気の移流
ダウンバースト,2002/08/05 14:00頃,北海道宗谷支庁 歌登町,詳細,F0,不明,不明,0,0,0,0,温暖前線・日本海低気圧
その他(不明を含む),2002/08/01 21:00頃,埼玉県 久喜市、蓮田市、白岡町、菖蒲町,詳細,不明,不明,,0,1,0,1,雷雨(熱雷)
ダウンバースト,2002/07/17 05:20頃,岐阜県 安八郡神戸町,詳細,F0,100,0.4,0,0,0,0,気圧の谷・寒気の移流・雷雨(熱雷を除く)
その他(不明を含む),2002/07/17 04時頃,福井県 坂井郡三国町,詳細,不明,不明,不明,0,0,0,0,雷雨(熱雷を除く)・寒気の移流
ダウンバースト,2002/7/17 3:40,兵庫県 篠山市,詳細,F1,不明,0.2〜0.5,0,0,0,0,日本海低気圧
竜巻,2002/7/16 16:40,京都府 亀岡市,詳細,F0,100,不明,0,0,0,1,雷雨(熱雷)・寒気の移流
竜巻,2002/07/10 16:00頃,埼玉県 深谷市,詳細(D),F2,100〜150,4.5,0,11,7,0,台風・局地性じょう乱
竜巻,2002/04/03 07:50頃,沖縄県 沖縄市,詳細,F2,20〜30,3,0,1,0,0,東シナ海低気圧・気圧の谷・暖気の移流
その他(不明を含む),2002/03/21 09:10頃,島根県 隠岐郡西ノ島町,詳細,不明,不明,不明,0,0,0,0,寒冷前線・暖気の移流
竜巻,2002/01/21 15:20頃,埼玉県 さいたま市,詳細(D),F0〜F1,100〜1000,5,0,1,1,65,南岸低気圧
竜巻,2002/1/21 12:15,愛知県 田原町,詳細,F1,1100〜1400,5.5,0,0,0,#,二つ玉低気圧・温暖前線・暖気の移流
その他(不明を含む),2002/01/11 10:20頃,福井県 坂井郡春江町,詳細,不明,不明,不明,不明,不明,不明,不明,寒冷前線
その他(不明を含む),2001/11/13 16:00頃,島根県 (海上),詳細,不明,不明,不明,0,0,0,0,寒気の移流
その他(不明を含む),2001/11/06 03:20頃,千葉県 大網白里町,詳細,F0〜F1,200,0.9,0,0,0,0,その他(低気圧)・寒冷前線
その他(不明を含む),2001/10/27 20:00頃,長崎県 福江市,詳細,F0〜F1,不明,不明,0,0,0,9,温暖前線・局地性じょう乱
竜巻,2001/10/01 07:00頃,和歌山県 南部町,詳細(D),F0〜F1,50〜60,0.7,0,1,0,0,日本海低気圧・暖気の移流
その他(不明を含む),2001/10/1 4:10,高知県 安芸郡奈半利町,詳細,F0〜F1,30〜40,0.4,0,0,0,0,日本海低気圧・暖気の移流
その他(不明を含む),2001/10/1 2:30,高知県 土佐清水市,詳細,F0,不明,不明,0,0,0,0,日本海低気圧・寒冷前線
竜巻,2001/09/10 10:10頃,東京都 町田市,詳細(D),F1,0〜30,7,0,1,不明,不明,台風
その他(不明を含む),2001/08/22 09:20頃,群馬県 大泉町、太田市,詳細(D),F0〜F1,20,6,0,0,0,0,台風
竜巻,2001/08/22 03:40頃,埼玉県 羽生市,詳細(D),F0〜F1,50,5,0,0,0,0,台風
竜巻,2001/08/04 15:27頃,沖縄県 (海上),詳細,不明,不明,不明,0,0,0,0,気圧の谷
竜巻,2001/08/04 15:00頃,沖縄県 (海上),詳細,不明,不明,不明,0,0,0,0,気圧の谷
その他(不明を含む),2001/07/19 12:10頃,三重県 川越町,詳細,不明,不明,不明,0,1,0,0,停滞前線・暖気の移流
ダウンバースト,2001/7/17 16:53,岐阜県 岐阜市,詳細,F0,不明,不明,0,0,0,0,停滞前線・寒気の移流・暖気の移流
ダウンバースト,2001/07/17 16:10頃,滋賀県 愛知郡愛知川町,詳細,F0〜F1,100〜200,6,0,3,不明,1,雷雨(熱雷)・太平洋高気圧
その他(不明を含む),2001/07/13 18時頃,岐阜県 中津川市、福岡町,詳細,F0,不明,不明,0,0,0,0,雷雨(熱雷を除く)・暖気の移流
竜巻,2001/7/9 17:59,沖縄県 (海上),詳細,不明,不明,不明,0,0,0,0,気圧の谷
竜巻,2001/7/8 16:14,沖縄県 (海上),詳細,不明,不明,不明,0,0,0,0,気圧の谷
竜巻,2001/06/29 14:28頃,北海道空知支庁 北竜町,詳細(D),F2,200〜300,7,0,3,1,2,寒気の移流・気圧の谷
ダウンバースト,2001/06/29 01:00頃,熊本県 玉名郡横島町,詳細,F0,90,0.0〜0.1,0,0,0,0,停滞前線
竜巻,2001/06/27 06:05頃,岐阜県 大野郡朝日村,詳細,F1,5〜10,0.5,0,0,0,0,停滞前線
竜巻,2001/6/19 16:14,愛知県 尾西市,詳細,F1,1000以下,12.0以下,0,2,0,不明,梅雨前線・暖気の移流
竜巻,2001/06/19 14:50頃,福井県 敦賀市,詳細,F1,不明,不明,0,0,0,0,日本海低気圧
その他(不明を含む),2001/06/10 14:30頃,長野県 佐久市,詳細,F0,200,0.5,0,0,0,0,雷雨(熱雷を除く)・寒気の移流
竜巻,2001/6/1 13:20,青森県 西津軽郡岩崎村,詳細,F1,100〜150,0.2〜0.8,0,0,0,0,局地性じょう乱
竜巻,2001/05/29 13:00頃,愛知県 東海市,詳細,F0,不明,不明,0,0,0,0,局地性降水
その他(不明を含む),2001/5/11 19:17,千葉県 沼南町,詳細,不明,不明,不明,0,0,0,0,寒気の移流・雷雨(熱雷を除く)
その他(不明を含む),2001/3/4 14:40,島根県 簸川郡大社町,詳細,F1,100〜150,1.3,0,0,0,0,寒気の移流
その他(不明を含む),2001/02/16 06:30頃,石川県 金沢市,詳細,F0〜F1,100〜150,0.7〜0.8,0,0,0,0,寒冷前線
竜巻,2001/01/13 07:35頃,沖縄県 糸満市,詳細,F0,30〜40,0.4〜0.5,0,0,0,0,寒冷前線
その他(不明を含む),2001/1/11 11:55,石川県 羽咋市,詳細,F0〜F1,20,0.0〜0.1,0,0,0,0,寒冷前線
その他(不明を含む),2013/12/12 13時頃,石川県 かほく市,詳細,F0,5,0,0,0,0,0,寒気の移流
その他(不明を含む),2013/12/11 18時頃,石川県 かほく市,詳細,F0,10,0,0,0,0,0,寒気の移流
その他(不明を含む),2013/12/10 06:00頃,岐阜県 中津川市,詳細,F0,5,0,0,0,0,0,二つ玉低気圧
その他(不明を含む),2013/12/10 06:00頃,岐阜県 中津川市,詳細,F0,0〜30,0,0,0,0,0,二つ玉低気圧
その他(不明を含む),2013/12/10 01時頃,高知県 安芸市,詳細,F0,300,1.2,0,0,0,0,寒冷前線
その他(不明を含む),2013/12/10 01時頃,高知県 安芸郡芸西村,詳細,F0,100,1.4,0,0,0,0,寒冷前線
その他(不明を含む),2013/12/10 01:30頃,高知県 香南市,詳細,F0,400,2.6,0,0,0,0,寒冷前線
竜巻,2013/12/10 01:30頃,高知県 香南市,詳細(D),F1,200,1.3,0,0,0,0,寒冷前線
竜巻,2013/12/10 01:30頃,高知県 南国市,詳細(D),F1,400,1.9,0,0,0,0,寒冷前線
竜巻,2013/12/7 16:12,北海道檜山地方 檜山郡上ノ国町,詳細(D),不明,不明,不明,0,0,0,0,気圧の谷・寒気の移流
その他(不明を含む),2013/12/06 07時頃,石川県 羽咋市,詳細,F0,20,0.1,0,0,0,0,気圧の谷
竜巻,2013/12/04 09:00頃,茨城県 (海上),詳細(D),不明,不明,不明,0,0,0,0,気圧の谷
その他(不明を含む),2013/11/30 20:50頃,新潟県 佐渡市,詳細,F0,20,0,0,0,0,0,寒気の移流
その他(不明を含む),2013/11/25 06時頃,沖縄県 南城市,詳細,F0,50,0.1,0,0,0,0,寒冷前線
その他(不明を含む),2013/11/25 06:00頃,沖縄県 南城市,詳細,F0,80,3.8,0,0,0,0,寒冷前線
竜巻,2013/11/13 13:25,新潟県 (海上),詳細(D),不明,不明,不明,0,0,0,0,寒気の移流
竜巻,2013/11/11 14:50頃,北海道網走・北見・紋別地方 (海上),詳細(D),不明,不明,不明,0,0,0,0,気圧の谷
その他(不明を含む),2013/11/10 17:30頃,東京都 大島町,詳細,F0,60,0.6,0,0,0,0,寒冷前線・暖気の移流
その他(不明を含む),2013/11/10 16:00頃,東京都 大島町,詳細,F0,20,0.1,0,0,0,0,寒冷前線・暖気の移流
その他(不明を含む),2013/11/10 08:50頃,秋田県 男鹿市,詳細,F1,20,0.1,0,0,0,0,寒冷前線
その他(不明を含む),2013/11/07 17時頃,秋田県 秋田市新屋日吉町,詳細,F0,10,0.8,0,0,0,0,寒冷前線
竜巻,2013/11/07 17:00頃,秋田県 秋田市,詳細(D),F1,60〜70,0.3〜0.4,0,0,0,0,寒冷前線・雷雨(熱雷を除く)
竜巻,2013/11/4 10:58,北海道檜山地方 (海上),詳細(D),不明,不明,不明,0,0,0,0,気圧の谷・寒気の移流
その他(不明を含む),2013/10/30 16:45頃,新潟県 村上市,詳細,F0,30,0.1,0,0,0,0,気圧の谷
竜巻,2013/10/30 6:30,新潟県 (海上),詳細(D),不明,不明,不明,0,0,0,0,気圧の谷
竜巻,2013/10/06 07:20頃,宮崎県 児湯郡高鍋町,詳細(D),F0,100,2.5,0,0,0,0,台風・暖気の移流・移動性高気圧
その他(不明を含む),2013/10/05 06:50頃,鹿児島県 与論町,詳細,F0,5〜50,2.8〜3.2,0,0,0,0,台風・暖気の移流
竜巻,2013/9/29 11:05,沖縄県 (海上),詳細(D),不明,不明,不明,0,0,0,0,気圧の谷
ダウンバースト,2013/09/16 18:30頃,北海道釧路地方 厚岸郡厚岸町,詳細,F1,750,3.7,0,0,0,0,台風・停滞前線・暖気の移流
竜巻,2013/09/16 15:00頃,宮城県 石巻市,詳細(D),F1,200,1.1,0,0,0,0,台風
竜巻,2013/09/16 02:17頃,群馬県 みどり市,詳細(D),F1,200,5,0,2,0,0,台風・暖気の移流
竜巻,2013/09/16 02:40頃,埼玉県 行田市,詳細(D),F0,200,3,0,0,0,0,台風・暖気の移流
竜巻,2013/09/16 02:30頃,埼玉県 行田市,詳細(D),F1,250,3,0,0,0,0,台風・暖気の移流
竜巻,2013/09/16 02:00頃,埼玉県 熊谷市,詳細(D),F1,300,8,#,#,#,#,台風・暖気の移流
竜巻,2013/9/16 1:30,埼玉県 比企郡滑川町,詳細(D),F1,200,13,#,#,#,#,台風・暖気の移流
竜巻,2013/09/15 22:30頃,栃木県 那須郡那須町,詳細(D),F0,150,2.2,0,0,0,0,台風・暖気の移流
竜巻,2013/09/15 21:10頃,三重県 志摩市,詳細(D),F0,60,0.3,0,0,0,1,台風・暖気の移流
竜巻,2013/09/15 18:05頃,和歌山県 東牟婁郡串本町,詳細(D),F1,200,0.5,0,#,0,不明,台風・暖気の移流
竜巻,2013/09/15 17:10頃,和歌山県 東牟婁郡串本町,詳細(D),F1,300,0.8,0,#,0,不明,台風・暖気の移流
竜巻,2013/09/15 14:30頃,和歌山県 東牟婁郡串本町,詳細(D),F1,100,8,0,4*,不明,不明,台風・暖気の移流
竜巻,2013/9/7 12:51,北海道胆振地方 (海上),詳細(D),不明,不明,不明,0,0,0,0,気圧の谷・寒気の移流
竜巻,2013/9/7 12:37,北海道胆振地方 苫小牧市,詳細(D),F0未満,20,0,0,0,0,0,気圧の谷・寒気の移流
その他(不明を含む),2013/09/07 13:30頃,北海道胆振地方 苫小牧市,詳細,F0,5,0,0,0,0,0,気圧の谷・寒気の移流
竜巻または漏斗雲,2013/09/06 11:37頃,長崎県 (海上),詳細(D),不明,不明,不明,0,0,0,0,気圧の谷
竜巻または漏斗雲,2013/09/06 10:43頃,長崎県 (海上),詳細(D),不明,不明,不明,0,0,0,0,気圧の谷
竜巻,2013/09/04 14:20頃,三重県 伊勢市,詳細(D),F0,50〜100,3.5,0,0,0,0,暖気の移流・前線帯
竜巻,2013/09/04 12:50頃,栃木県 塩谷郡塩谷町,詳細(D),F1,200,11,0,1,0,0,停滞前線・暖気の移流
竜巻,2013/09/04 12:20頃,栃木県 鹿沼市,詳細(D),F1,300,6,0,0,0,2,停滞前線・暖気の移流
竜巻,2013/09/04 11:50頃,高知県 安芸市,詳細(D),F0,50,0.3,0,0,0,0,南岸低気圧・寒冷前線
竜巻,2013/09/04 06:30頃,高知県 宿毛市,詳細(D),F0,50,0.3,0,0,0,0,台風・停滞前線・暖気の移流
竜巻,2013/09/03 15:35頃,鹿児島県 (海上),詳細(D),不明,不明,不明,0,0,0,0,台風
竜巻,2013/9/2 14:00,埼玉県 さいたま市,詳細(D),F2,300,19,0,76,32,215,停滞前線・暖気の移流
竜巻または漏斗雲,2013/08/31 14時頃,長崎県 平戸市,詳細(D),F0未満,不明,不明,0,0,0,0,寒冷前線
その他(不明を含む),2013/08/31 17時頃,石川県 能美市石子町,詳細,F1,20,0,0,0,0,0,寒冷前線
その他(不明を含む),2013/08/31 17時頃,石川県 加賀市片野町,詳細,F0,20,0,0,3,0,0,寒冷前線
その他(不明を含む),2013/08/31 17:30頃,福井県 大野市,詳細,F0,1,0,0,0,0,0,寒冷前線
その他(不明を含む),2013/08/31 17:30頃,福井県 勝山市,詳細,F0,1以上,1.4〜1.6,0,0,0,0,寒冷前線
その他(不明を含む),2013/08/31 17:30頃,福井県 勝山市,詳細,F0,1,0,0,0,0,0,寒冷前線
その他(不明を含む),2013/08/31 17:30頃,福井県 越前市,詳細,F0,1,0,0,0,0,0,寒冷前線
その他(不明を含む),2013/08/31 17:00頃,福井県 福井市,詳細,F1,750,3.1,0,0,0,0,寒冷前線
その他(不明を含む),2013/08/31 17:00頃,福井県 福井市,詳細,F0,1,0,0,0,0,0,寒冷前線
竜巻または漏斗雲,2013/08/31 14時頃,長崎県 平戸市,詳細(D),F0未満,不明,不明,0,0,0,0,寒冷前線
竜巻,2013/8/27 16:35,北海道檜山地方 (海上),詳細,不明,不明,不明,0,0,0,0,気圧の谷・寒気の移流
竜巻,2013/08/24 09:10頃,北海道胆振地方 (海上),詳細(D),不明,不明,不明,0,0,0,0,日本海低気圧
竜巻,2013/08/24 11:30頃,北海道胆振地方 苫小牧市,詳細(D),F0未満,不明,不明,0,0,0,0,日本海低気圧
その他(不明を含む),2013/08/24 13:00頃,山口県 長門市深川湯本,詳細,F0,150,0.2,0,0,0,0,停滞前線・暖気の移流
その他(不明を含む),2013/08/23 14時頃,青森県 下北郡佐井村,詳細,F0,0〜300,0.0〜3.0,0,0,0,0,停滞前線・暖気の移流
竜巻,2013/8/23 17:48,北海道檜山地方 (海上),詳細(D),不明,不明,不明,0,0,0,0,気圧の谷・寒気の移流
竜巻,2013/08/23 18:30頃,兵庫県 篠山市今田町,詳細(D),F1,300,4.5,0,2,0,0,雷雨(熱雷を除く)・停滞前線
ダウンバースト,2013/08/23 19:00頃,岐阜県 美濃加茂市,詳細,F0,150,0.5,0,1,0,1,停滞前線・暖気の移流
竜巻,2013/08/23 16:20頃,福井県 小浜市,詳細(D),F1,150,1,0,1,0,0,暖気の移流
竜巻,2013/08/20 18:00頃,秋田県 (海上),詳細(D),不明,不明,不明,0,0,0,0,停滞前線
竜巻または漏斗雲,2013/08/20 15:35頃,北海道留萌地方 (海上)増毛郡増毛町,詳細(D),不明,不明,不明,0,0,0,0,気圧の谷・寒気の移流
ダウンバーストまたはガストフロント,2013/08/20 12時頃,北海道石狩地方 恵庭市、千歳市、夕張郡長沼町,詳細,F1,2800,7.5,0,0,0,0,気圧の谷・寒気の移流
竜巻,2013/08/20 18:40頃,秋田県 にかほ市象潟町,詳細(D),F0,30,0.8,0,0,0,0,停滞前線
その他(不明を含む),2013/08/20 05時頃,秋田県 横手市平鹿町,詳細,F0,500,2.1,0,0,0,0,停滞前線・暖気の移流
その他(不明を含む),2013/08/11 15:00頃,栃木県 芳賀郡市貝町,詳細,F0,20,0.1,0,0,0,0,雷雨(熱雷)
ダウンバーストまたはガストフロント,2013/08/11 18:00頃,群馬県 前橋市,詳細,F1,5300,23,0,3,0,0,太平洋高気圧・雷雨(熱雷)
ダウンバーストまたはガストフロント,2013/08/11 15時頃,茨城県 常陸太田市,詳細,F0,700,2.1,0,0,0,0,太平洋高気圧・雷雨(熱雷)
竜巻,2013/8/10 9:52,沖縄県 (海上),詳細(D),不明,不明,不明,0,0,0,0,太平洋高気圧
竜巻,2013/07/31 14:15頃,岡山県 津山市,詳細(D),F0,100〜150,0.3,0,0,0,0,暖気の移流・雷雨(熱雷)
竜巻,2013/7/23 16:00,東京都 調布市,詳細(D),F0未満,30,0.1,0,0,0,0,雷雨(熱雷)
その他(不明を含む),2013/07/18 06:00頃,東京都 東京都利島村,詳細,F0,50,0.1,0,0,0,0,寒気の移流・暖気の移流
ダウンバーストまたはガストフロント,2013/07/12 18:50頃,群馬県 太田市,詳細,F0,5000,4.9〜5.5,0,0,0,0,暖気の移流・雷雨(熱雷)
ダウンバースト,2013/07/11 18:00頃,群馬県 太田市,詳細,F1,450,1.3,0,0,0,0,暖気の移流・雷雨(熱雷)
ダウンバースト,2013/07/11 17:55頃,群馬県 太田市,詳細,F0,1500,3.5,0,0,0,0,暖気の移流・雷雨(熱雷)
その他(不明を含む),2013/07/07 17:15頃,福井県 大野市,詳細,F0,250,2.7,0,0,0,0,梅雨前線・暖気の移流
ダウンバーストまたはガストフロント,2013/07/07 16:40頃,栃木県 宇都宮市,詳細,F0,1100,2,0,0,0,0,寒気の移流・暖気の移流・雷雨(熱雷)
その他(不明を含む),2013/07/06 15:45頃,福井県 勝山市,詳細,F0,400,1.2,0,0,0,0,梅雨前線・暖気の移流
その他(不明を含む),2013/07/06 17:10頃,岐阜県 高山市山口町,詳細,F0,50〜200,4.6,0,0,0,0,暖気の移流・雷雨(熱雷)
その他(不明を含む),2013/07/03 11時頃,山口県 下関市,詳細,F0,10,0.2,0,0,0,0,梅雨前線・暖気の移流
その他(不明を含む),2013/07/03 12:10頃,山口県 美祢市秋芳町,詳細,F1,100,1.8,0,0,0,0,梅雨前線・暖気の移流
竜巻,2013/06/07 15:30頃,群馬県 伊勢崎市,詳細(D),F0,80,2.5,0,0,0,0,寒気の移流
竜巻,2013/6/3 10:18,沖縄県 (海上),詳細(D),不明,不明,不明,0,0,0,0,梅雨前線
その他(不明を含む),2013/05/26 17:20頃,長野県 大町市,詳細,F0,30,0.2,0,0,0,0,寒気の移流
じん旋風(つむじ風を含む),2013/05/07 16時頃,静岡県 浜松市,詳細,F0,5〜15,0.2,0,0,0,0,その他(高気圧)・気圧の谷・寒気の移流
竜巻,2013/05/04 13:13頃,山口県 (海上),詳細(D),不明,不明,不明,0,0,0,0,気圧の谷・寒気の移流
竜巻,2013/05/04 11:35頃,山口県 (海上),詳細(D),不明,不明,不明,0,0,0,0,気圧の谷・寒気の移流
竜巻,2013/05/04 11:35頃,山口県 (海上),詳細(D),不明,不明,不明,0,0,0,0,気圧の谷・寒気の移流
その他(不明を含む),2013/03/31 09時頃,沖縄県 糸満市,詳細,F0,2〜3,1.7,0,0,0,0,停滞前線
その他(不明を含む),2013/03/31 09時頃,沖縄県 糸満市,詳細,F0,800,2.2,0,0,0,0,停滞前線
その他(不明を含む),2013/03/18 12時頃,沖縄県 国頭郡東村,詳細,F0,0,0.3,0,0,0,0,気圧の谷・暖気の移流
その他(不明を含む),2013/03/18 09時頃,沖縄県 島尻郡久米島町,詳細,F0,50,0,0,0,0,0,気圧の谷・暖気の移流
竜巻,2013/03/18 11:07頃,沖縄県 石垣市,詳細(D),不明,不明,不明,0,0,0,0,気圧の谷
その他(不明を含む),2013/03/18 08時頃,沖縄県 島尻郡久米島町,詳細,F0,70,0.3,0,0,0,0,暖気の移流
竜巻,2013/03/18 12:45頃,鹿児島県 大島郡伊仙町,詳細(D),F0,150,1.5,0,0,0,0,寒冷前線
竜巻,2013/2/7 12:18,北海道檜山地方 (海上),詳細(D),不明,不明,不明,0,0,0,0,日本海低気圧・暖気の移流
竜巻,2013/01/28 14:42頃,新潟県 (海上),詳細(D),不明,不明,不明,0,0,0,0,寒気の移流
竜巻,2013/01/28 14:42頃,新潟県 (海上),詳細(D),不明,不明,不明,0,0,0,0,寒気の移流
竜巻,2013/01/28 14:42頃,新潟県 (海上),詳細(D),不明,不明,不明,0,0,0,0,寒気の移流
竜巻,2013/01/25 12:19頃,鳥取県 (海上),詳細,不明,不明,不明,0,0,0,0,寒気の移流
その他(不明を含む),2013/01/22 14:20頃,東京都 八丈島八丈町,詳細,F1,20,2,0,0,0,0,寒冷前線
竜巻または漏斗雲,2013/01/17 10:00頃,島根県 (海上),詳細(D),不明,不明,不明,0,0,0,0,寒気の移流
竜巻,2013/01/02 18:50頃,北海道日高地方 日高郡新ひだか町,詳細(D),F1,300,1.6,0,1,0,1,閉塞前線
竜巻,2012/12/15 16:00頃,鹿児島県 (海上),詳細,不明,不明,不明,0,0,0,0,寒冷前線
竜巻,2012/12/15 15:48頃,鹿児島県 (海上),詳細,不明,不明,不明,0,0,0,0,寒冷前線
その他(不明を含む),2012/12/11 09:30頃,山形県 飽海郡遊佐町,詳細,F0,100,0.2,0,0,0,0,寒気の移流
その他(不明を含む),2012/12/10 17:30頃,新潟県 村上市,詳細,F0,70,0.1,0,0,0,0,寒気の移流
竜巻,2012/12/06 11:40頃,北海道日高地方 様似郡様似町,詳細(D),F0,70,1,0,0,0,0,閉塞前線
その他(不明を含む),2012/11/29 00時頃,青森県 西津軽郡深浦町,詳細,F0,100,0.3,0,0,0,0,寒冷前線
竜巻または漏斗雲,2012/11/20 14:35頃,北海道胆振地方 室蘭市,詳細(D),F0未満,不明,不明,0,0,0,0,寒気の移流
竜巻,2012/11/14 09:40頃,和歌山県 有田群湯浅町,詳細(D),不明,不明,不明,0,0,0,0,寒気の移流
竜巻または漏斗雲,2012/11/13 16:28,愛媛県 (海上),詳細(D),不明,不明,不明,0,0,0,0,寒気の移流
竜巻,2012/11/13 15:20頃,徳島県 鳴門市瀬戸町,詳細(D),F0,30,0.2,0,0,0,0,寒気の移流
その他(不明を含む),2012/11/13 12:20頃,熊本県 上益城郡益城町,詳細,F0,100,0.1〜0.2,0,1,0,0,寒気の移流
竜巻,2012/10/29 05:30頃,北海道日高地方 日高郡新ひだか町,詳細(D),F0,50,0.8,0,0,0,0,気圧の谷
その他(不明を含む),2012/10/25 18:10頃,北海道檜山地方 二海郡八雲町,詳細,F0,20,0.1,0,0,0,0,日本海低気圧・寒気の移流
竜巻,2012/10/23 00:00頃,高知県 安芸郡奈半利町,詳細(D),F0,100,1.6,0,0,0,0,寒冷前線・暖気の移流
竜巻,2012/10/23 09:30頃,静岡県 袋井市,詳細(D),F0,100,1,0,0,0,0,寒冷前線・暖気の移流
その他(不明を含む),2012/10/22 20:30頃,長崎県 平戸市,詳細,F0,100,0.5,0,0,0,0,寒冷前線
その他(不明を含む),2012/10/21 01:05頃,北海道後志地方 寿都郡寿都町,詳細,F0,40,0.2,0,0,0,0,寒冷前線
その他(不明を含む),2012/10/18 00時頃,千葉県 長生郡長生村,詳細,F0,100,1.1,0,0,0,0,停滞前線・暖気の移流
その他(不明を含む),2012/10/17 22:30頃,静岡県 藤枝市,詳細,F0,60,2.8,0,0,0,0,停滞前線・暖気の移流
竜巻,2012/10/15 09:10頃,新潟県 (海上),詳細(D),不明,不明,不明,0,0,0,0,寒気の移流
竜巻,2012/10/15 09:10頃,新潟県 (海上),詳細(D),不明,不明,不明,0,0,0,0,寒気の移流
竜巻,2012/10/11 16:36,北海道檜山地方 (海上),詳細(D),不明,不明,不明,0,0,0,0,寒冷前線
竜巻,2012/10/11 16:26,北海道檜山地方 (海上),詳細(D),不明,不明,不明,0,0,0,0,寒冷前線
竜巻,2012/10/11 16:26,北海道檜山地方 (海上),詳細(D),不明,不明,不明,0,0,0,0,寒冷前線
竜巻,2012/10/11 12:51,北海道檜山地方 (海上),詳細(D),不明,不明,不明,0,0,0,0,温暖前線・暖気の移流
竜巻,2012/10/11 11:54,北海道檜山地方 (海上),詳細(D),不明,不明,不明,0,0,0,0,温暖前線・暖気の移流
竜巻,2012/10/11 11:53,北海道檜山地方 (海上),詳細(D),不明,不明,不明,0,0,0,0,温暖前線・暖気の移流
竜巻,2012/10/09 12:37頃,北海道留萌地方 (海上),詳細(D),不明,不明,不明,0,0,0,0,気圧の谷・寒気の移流
竜巻,2012/10/06 16:00頃,秋田県 (海上),詳細(D),不明,不明,不明,0,0,0,0,気圧の谷・寒気の移流
竜巻,2012/10/06 16:00頃,秋田県 (海上),詳細(D),不明,不明,不明,0,0,0,0,気圧の谷・寒気の移流
竜巻,2012/10/05 09:50頃,新潟県 (海上),詳細(D),不明,不明,不明,0,0,0,0,気圧の谷・寒気の移流
竜巻,2012/10/05 09:50頃,新潟県 (海上),詳細(D),不明,不明,不明,0,0,0,0,気圧の谷・寒気の移流
竜巻,2012/10/05 09:50頃,新潟県 (海上),詳細(D),不明,不明,不明,0,0,0,0,気圧の谷・寒気の移流
竜巻,2012/10/05 08:15頃,秋田県 にかほ市,詳細(D),F0,150〜200,1.2,0,1,0,0,気圧の谷・寒気の移流
竜巻,2012/09/25 17:15頃,北海道渡島地方 山越郡長万部町,詳細(D),F0,60,0.2,0,0,0,0,気圧の谷・寒気の移流
竜巻,2012/09/25 15:45頃,北海道後志地方 (海上),詳細(D),不明,不明,不明,0,0,0,0,気圧の谷・寒気の移流
竜巻または漏斗雲,2012/09/25 14:20頃,秋田県 (海上),詳細(D),不明,不明,不明,0,0,0,0,気圧の谷・寒気の移流
その他(不明を含む),2012/09/25 14時頃,新潟県 新潟市,詳細,F0,30〜40,0.2,0,0,0,0,気圧の谷・寒気の移流
竜巻,2012/09/25 09:15頃,新潟県 (海上),詳細(D),不明,不明,不明,0,0,0,0,気圧の谷・寒気の移流
竜巻,2012/09/25 08:50頃,新潟県 (海上),詳細(D),不明,不明,不明,0,0,0,0,気圧の谷・寒気の移流
竜巻または漏斗雲,2012/09/25 08:30頃,新潟県 (海上),詳細(D),不明,不明,不明,0,0,0,0,気圧の谷・寒気の移流
竜巻または漏斗雲,2012/09/25 07時頃,新潟県 (海上),詳細(D),不明,不明,不明,0,0,0,0,気圧の谷・寒気の移流
その他(不明を含む),2012/09/25 02時頃,新潟県 佐渡市,詳細,F0,10,0,0,0,0,0,気圧の谷・寒気の移流
竜巻,2012/09/25 17:20頃,北海道渡島地方 山越郡長万部町,詳細(D),F1,450,1.1,0,0,0,0,気圧の谷・寒気の移流
竜巻または漏斗雲,2012/09/24 17:00頃,北海道後志地方 (海上),詳細(D),不明,不明,不明,0,0,0,0,寒気の移流・気圧の谷
竜巻または漏斗雲,2012/09/24 17:00頃,北海道後志地方 (海上),詳細(D),不明,不明,不明,0,0,0,0,寒気の移流・気圧の谷
竜巻,2012/9/23 8:00,北海道後志地方 (海上),詳細(D),不明,不明,不明,0,0,0,0,寒気の移流
竜巻,2012/09/21 06:45頃,兵庫県 (海上),詳細(D),不明,不明,不明,0,0,0,0,気圧の谷・寒気の移流
竜巻,2012/09/21 06:30頃,兵庫県 (海上),詳細(D),不明,不明,不明,0,0,0,0,気圧の谷・寒気の移流
その他(不明を含む),2012/09/19 00:15頃,埼玉県 加須市,詳細,F0,100,0.7,0,0,0,0,雷雨(熱雷)・暖気の移流
竜巻,2012/09/19 00:30頃,千葉県 野田市,詳細(D),F1,150,3.7,0,0,0,0,暖気の移流
竜巻,2012/09/18 17:00頃,岐阜県 海津市海津町長久保,詳細(D),F0,100〜150,1.6,0,0,0,0,暖気の移流
竜巻,2012/09/18 19:00頃,静岡県 磐田市,詳細(D),F0,250,5,0,1,0,0,暖気の移流
竜巻,2012/09/18 18:30頃,静岡県 磐田市,詳細(D),F1,50,4,0,0,0,0,暖気の移流
竜巻,2012/09/18 15:00頃,三重県 いなべ市,詳細(D),F0,50〜100,1.3,0,0,0,0,暖気の移流
竜巻,2012/09/18 09時頃,三重県 津市,詳細(D),F0,35〜70,0.5,0,0,0,0,暖気の移流
その他(不明を含む),2012/09/17 14:50頃,三重県 四日市市,詳細,F0,40〜100,0.4,0,0,0,0,暖気の移流
竜巻,2012/09/17 14:00頃,三重県 鈴鹿市,詳細(D),F1,60,0.8,0,1,0,0,暖気の移流
竜巻,2012/09/16 12:30頃,和歌山県 (海上),詳細(D),不明,不明,不明,0,0,0,0,暖気の移流
竜巻,2012/09/09 11:51頃,沖縄県 (海上),詳細(D),不明,不明,不明,0,0,0,0,太平洋高気圧
竜巻または漏斗雲,2012/09/03 16:00頃,高知県 (海上),詳細(D),不明,不明,不明,0,0,0,0,暖気の移流
竜巻または漏斗雲,2012/09/02 17:26頃,島根県 (海上),詳細(D),不明,不明,不明,0,0,0,0,暖気の移流
竜巻,2012/09/01 09:55頃,沖縄県 (海上),詳細(D),不明,不明,不明,0,0,0,0,その他(高気圧)
竜巻,2012/09/01 23:30頃,千葉県 船橋市,詳細(D),F1,200,1,0,0,0,0,気圧の谷・寒気の移流
竜巻または漏斗雲,2012/08/30 12:50頃,沖縄県 (海上),詳細,不明,不明,不明,0,0,0,0,太平洋高気圧
その他(不明を含む),2012/08/24 17時頃,福島県 河沼郡湯川村,詳細,F0,250,0.6,0,0,0,0,雷雨(熱雷)
竜巻,2012/08/20 12:07頃,宮崎県 (海上),詳細(D),不明,不明,不明,0,0,0,0,太平洋高気圧
その他(不明を含む),2012/08/17 14時頃,山梨県 南アルプス市,詳細,F0,3000,5,0,0,0,0,気圧の谷・暖気の移流
竜巻,2012/8/14 3:50,高知県 安芸市,詳細(D),F0,80,0.9,0,0,0,0,停滞前線・暖気の移流
ガストフロント,2012/08/06 15:30頃,愛知県 春日井市,詳細,F0,不明,不明,0,2,0,0,気圧の谷・暖気の移流
竜巻,2012/08/06 13:10頃,秋田県 (海上),詳細(D),不明,不明,不明,0,0,0,0,気圧の谷
その他(不明を含む),2012/08/06 12:00頃,宮城県 柴田郡川崎町,詳細,F0,2400,6.5,0,0,0,0,気圧の谷
ガストフロント,2012/08/06 11時頃,新潟県 新潟市,詳細,F1,13000,34,0,5,0,1,気圧の谷・寒気の移流
ダウンバースト,2012/07/31 19:50頃,北海道上川地方 空知郡上富良野町,詳細,F0,800,2,0,0,0,0,気圧の谷・暖気の移流
その他(不明を含む),2012/07/31 14:20頃,北海道網走・北見・紋別地方 網走市,詳細,F1,3600,7,0,0,0,0,気圧の谷・寒気の移流
竜巻,2012/07/31 14:30頃,北海道網走・北見・紋別地方 網走市,詳細(D),F1,不明,3,0,0,0,0,気圧の谷・寒気の移流
ダウンバースト,2012/07/31 14:00頃,北海道網走・北見・紋別地方 北見市,詳細,F1,1900,2,0,0,0,0,気圧の谷・寒気の移流
ダウンバースト,2012/07/31 13:50頃,北海道網走・北見・紋別地方 常呂郡佐呂間町,詳細,F1,1500,3,0,0,0,0,気圧の谷・寒気の移流
ダウンバースト,2012/07/28 20:00頃,群馬県 安中市,詳細,F0,2400,2.8,0,0,0,0,太平洋高気圧・雷雨(熱雷)
竜巻,2012/07/26 16:40頃,沖縄県 (海上),詳細(D),不明,不明,不明,0,0,0,0,太平洋高気圧
その他(不明を含む),2012/07/17 16:30頃,栃木県 栃木市,詳細,F0,350,0.9,0,0,0,0,雷雨(熱雷)
ダウンバースト,2012/07/17 16:30頃,栃木県 栃木市,詳細,F0,1500,2.2,0,1,0,0,雷雨(熱雷)
竜巻,2012/07/12 05:00頃,高知県 安芸郡芸西村,詳細(D),F0,100〜150,1.9,0,0,0,0,梅雨前線
竜巻,2012/7/8 8:33,沖縄県 (海上),詳細(D),不明,不明,不明,0,0,0,0,太平洋高気圧
その他(不明を含む),2012/07/07 05時頃,宮崎県 日南市大字酒谷甲,詳細,F0,50,0.1〜0.2,0,0,0,0,梅雨前線
その他(不明を含む),2012/07/06 20:25頃,徳島県 美馬郡つるぎ町,詳細,F0,40,1.2,0,0,0,0,梅雨前線
竜巻,2012/07/05 17:00頃,青森県 弘前市,詳細(D),F1,200,1.8,0,1,0,5,寒気の移流
竜巻,2012/06/05 03:20頃,沖縄県 島尻郡南大東村,詳細,F0,100,1.4,0,0,0,0,台風
竜巻,2012/06/02 15:40頃,奈良県 生駒郡斑鳩町,詳細(D),F0,80,1.2,0,0,0,0,気圧の谷
竜巻,2012/5/13 16:57,沖縄県 (海上),詳細(D),不明,不明,不明,0,0,0,0,気圧の谷
竜巻,2012/05/13 12:56頃,沖縄県 (海上),詳細(D),不明,不明,不明,0,0,0,0,気圧の谷
竜巻,2012/05/09 08:40頃,愛知県 (海上),詳細(D),不明,不明,不明,0,0,0,0,気圧の谷・寒気の移流
竜巻,2012/05/06 12:40頃,栃木県 真岡市,詳細,F1〜F2,650,32,0,12,13,35,気圧の谷・寒気の移流
竜巻,2012/5/6 12:35,茨城県 常総市,詳細(D),F3,500,17,1,37,76,158,気圧の谷・寒気の移流
竜巻,2012/05/06 12:30頃,茨城県 筑西市,詳細(D),F1,600,21,0,3,0,1,気圧の谷・寒気の移流
竜巻,2012/05/06 11:20頃,福島県 大沼郡会津美里町,詳細(D),F0,300,2,0,0,0,0,気圧の谷・寒気の移流
その他(不明を含む),2012/3/31 12:05,静岡県 浜松市,詳細,F0,50,0.2,0,0,0,0,日本海低気圧・寒冷前線
竜巻,2012/02/28 17:40頃,沖縄県 うるま市,詳細(D),F0,150〜200,2,0,0,0,0,停滞前線
じん旋風(つむじ風を含む),2012/02/19 13:20頃,茨城県 常陸太田市,詳細,F0,15,0.1,0,0,0,0,その他(高気圧)
その他(不明を含む),2012/02/18 06:25頃,秋田県 能代市,詳細,F0,70,0.1,0,0,0,0,その他(低気圧)
その他(不明を含む),2012/02/18 05時頃,秋田県 山本郡八峰町,詳細,F0,70,0.2,0,0,0,0,その他(低気圧)
その他(不明を含む),2012/02/07 07:10頃,山梨県 富士吉田市,詳細,F0,40,0.1,0,0,0,0,停滞前線・暖気の移流
その他(不明を含む),2012/02/01 03時頃,島根県 出雲市,詳細,F0,50,0.1,0,0,0,0,寒冷前線
竜巻,2012/02/01 04:15頃,島根県 出雲市,詳細(D),F0,600,7,0,0,0,0,寒冷前線
竜巻,2011/12/24 12:10頃,石川県 (海上),詳細(D),不明,不明,不明,0,0,0,0,気圧の谷・寒気の移流
その他(不明を含む),2011/12/24 17:00頃,新潟県 新潟市,詳細,F0,30,0,0,0,0,0,気圧の谷・寒気の移流
その他(不明を含む),2011/12/22 19:00頃,山形県 鶴岡市,詳細,F0,不明,不明,0,0,0,0,寒冷前線
竜巻,2011/12/04 07:10頃,東京都 (海上),詳細(D),不明,不明,不明,0,0,0,0,寒気の移流
竜巻,2011/12/04 07:10頃,東京都 (海上),詳細(D),不明,不明,不明,0,0,0,0,寒気の移流
竜巻,2011/12/04 07:00頃,東京都 (海上),詳細(D),不明,不明,不明,0,0,0,0,寒気の移流
竜巻,2011/12/04 06:45頃,東京都 (海上),詳細(D),不明,不明,不明,0,0,0,0,寒気の移流
竜巻または漏斗雲,2011/11/30 11:08頃,沖縄県 (海上),詳細(D),不明,不明,不明,0,0,0,0,停滞前線・気圧の谷
竜巻または漏斗雲,2011/11/25 6:27,富山県 (海上),詳細(D),不明,不明,不明,0,0,0,0,寒気の移流
竜巻または漏斗雲,2011/11/24 12:10,富山県 (海上),詳細(D),不明,不明,不明,0,0,0,0,寒気の移流
竜巻,2011/11/18 19:10頃,鹿児島県 大島郡徳之島町,詳細(D),F2,100,0.6,3,0,1,0,停滞前線・暖気の移流
竜巻,2011/11/15 16:20頃,新潟県 (海上),詳細(D),不明,不明,不明,0,0,0,0,寒気の移流
竜巻,2011/11/15 16:15,新潟県 (海上),詳細(D),不明,不明,不明,0,0,0,0,寒気の移流
竜巻,2011/11/15 16:14,新潟県 (海上),詳細(D),不明,不明,不明,0,0,0,0,寒気の移流
竜巻,2011/11/15 16:12,新潟県 (海上),詳細(D),不明,不明,不明,0,0,0,0,寒気の移流
竜巻,2011/11/15 16:10頃,新潟県 (海上),詳細(D),不明,不明,不明,0,0,0,0,寒気の移流
その他(不明を含む),2011/10/25 10:00頃,秋田県 男鹿市,詳細,F0,70,0.9,0,0,0,0,寒冷前線
竜巻,2011/10/21 21:30頃,高知県 土佐清水市,詳細(D),F0,100,0.3,0,0,0,0,暖気の移流
竜巻,2011/10/14 07:30頃,宮崎県 延岡市,詳細(D),F0,70,0.5,0,0,0,0,暖気の移流
その他(不明を含む),2011/10/07 01:10頃,秋田県 秋田市,詳細,F0,20,1.7,0,0,0,0,日本海低気圧
その他(不明を含む),2011/10/05 18:50頃,千葉県 館山市,詳細,F0,70,0.2,0,0,0,0,南岸低気圧
その他(不明を含む),2011/09/23 17:40頃,秋田県 能代市,詳細,F0,100,2,0,0,0,0,気圧の谷
竜巻,2011/09/21 12:30頃,埼玉県 さいたま市,詳細(D),F0,40,0.1,0,0,0,0,台風
竜巻,2011/9/20 5:50,北海道宗谷地方 (海上),詳細,不明,不明,不明,0,0,0,0,気圧の谷
竜巻,2011/09/15 09:30頃,三重県 (海上),詳細(D),不明,不明,不明,0,0,0,0,暖気の移流
竜巻,2011/09/15 09:00頃,三重県 （海上）,詳細,不明,不明,不明,0,0,0,0,暖気の移流
その他(不明を含む),2011/09/07 11:00頃,北海道渡島地方 函館市,詳細,F0,50,1.2,0,0,0,0,気圧の谷
その他(不明を含む),2011/09/04 01:10頃,群馬県 前橋市,詳細,F0,150,0.7,0,0,0,0,台風
その他(不明を含む),2011/09/03 22:20頃,栃木県 栃木市,詳細,F0,150,0.3,0,0,0,0,台風
ガストフロント,2011/09/02 12:30頃,北海道石狩地方 新篠津村,詳細,F0,5500,3.5,0,0,0,0,停滞前線
竜巻,2011/9/1 13:40,宮城県 (海上),詳細(D),不明,不明,不明,0,0,0,0,暖気の移流
竜巻,2011/9/1 13:30,宮城県 (海上),詳細(D),不明,不明,不明,0,0,0,0,暖気の移流
竜巻,2011/8/23 15:57,長崎県 (海上),詳細(D),不明,不明,不明,0,0,0,0,停滞前線
竜巻,2011/8/22 16:17,沖縄県 (海上),詳細(D),不明,不明,不明,0,0,0,0,太平洋高気圧
竜巻または漏斗雲,2011/08/22 14:15頃,沖縄県 (海上),詳細(D),不明,不明,不明,0,0,0,0,太平洋高気圧
竜巻または漏斗雲,2011/08/22 12:05頃,北海道宗谷地方 (海上),詳細(D),不明,不明,不明,0,0,0,0,気圧の谷
その他(不明を含む),2011/08/21 18:00頃,和歌山県 印南町,詳細,F0,150,0.3,0,0,0,0,停滞前線・その他(低気圧)
その他(不明を含む),2011/08/21 07:10頃,山口県 下関市,詳細,F0,2500,6,0,0,0,1,その他(低気圧)
竜巻,2011/8/21 6:41,福岡県 福岡市,詳細(D),F1,150,5,0,1,0,0,その他(低気圧)
竜巻,2011/08/21 06:10頃,福岡県 久留米市,詳細(D),F0,100,1.2,0,1,0,0,その他(低気圧)
その他(不明を含む),2011/08/21 05:10頃,長崎県 平戸市,詳細,F0,60,0.7,0,0,0,0,停滞前線・その他(低気圧)
竜巻,2011/08/21 05:10頃,長崎県 平戸市,詳細(D),F0,300,1,0,0,0,0,停滞前線・その他(低気圧)
竜巻,2011/08/20 18:45頃,北海道後志地方 (海上),詳細(D),不明,不明,不明,0,0,0,0,気圧の谷
竜巻,2011/08/20 18:40頃,北海道後志地方 (海上),詳細(D),不明,不明,不明,0,0,0,0,気圧の谷
竜巻,2011/08/20 18:30頃,北海道後志地方 (海上),詳細(D),不明,不明,不明,0,0,0,0,気圧の谷
竜巻,2011/8/20 14:48,北海道渡島地方 (海上),詳細(D),不明,不明,不明,0,0,0,0,気圧の谷
竜巻,2011/08/20 10:13頃,北海道檜山地方 (海上),詳細(D),不明,不明,不明,0,0,0,0,気圧の谷
その他(不明を含む),2011/08/14 15時頃,長野県 長野市,詳細,F0,10,0.3,0,0,0,0,雷雨(熱雷)
その他(不明を含む),2011/08/14 15時頃,長野県 長野市,詳細,F0,3500,6.5,0,0,0,0,雷雨(熱雷)
竜巻,2011/8/13 17:32,青森県 (海上),詳細(D),不明,不明,不明,0,0,0,0,暖気の移流
その他(不明を含む),2011/8/6 14:11,栃木県 大田原市,詳細,F0,200,0.2,0,1,0,0,雷雨(熱雷)
竜巻または漏斗雲,2011/07/29 17:15頃,沖縄県 (海上),詳細(D),不明,不明,不明,0,0,0,0,太平洋高気圧
ダウンバースト,2011/07/25 15:30頃,滋賀県 彦根市、愛知郡愛荘町,詳細,F0,400,1.6,0,0,0,0,寒気の移流・暖気の移流・雷雨(熱雷)
その他(不明を含む),2011/07/25 15:20頃,滋賀県 東近江市五個荘三俣町,詳細,F0,900,4.7,0,0,0,0,寒気の移流・暖気の移流・雷雨(熱雷)
その他(不明を含む),2011/07/25 15:10頃,滋賀県 彦根市,詳細,F0,100,0.3,0,0,0,0,寒気の移流・暖気の移流・雷雨(熱雷)
竜巻または漏斗雲,2011/07/25 12:29頃,三重県 いなべ市,詳細(D),F0未満,不明,不明,0,0,0,0,寒気の移流
竜巻,2011/07/19 10:00頃,栃木県 矢板市,詳細(D),F1,450,3.1,0,0,0,0,台風・暖気の移流
竜巻,2011/07/18 19:30頃,三重県 亀山市,詳細(D),F1,150,1.4,0,0,0,0,台風・暖気の移流
竜巻,2011/07/18 19:10頃,三重県 津市,詳細(D),F0,60,0.9,0,0,0,0,台風・暖気の移流
その他(不明を含む),2011/07/12 15:00頃,熊本県 上益城郡益城町,詳細,F0,50,0.4,0,0,0,0,雷雨(熱雷)
その他(不明を含む),2011/07/11 17:00頃,長野県 長野市,詳細,F0,2200,4.7,0,0,0,0,雷雨(熱雷)・暖気の移流
ダウンバースト,2011/07/05 09:30頃,新潟県 三条市,詳細,F0,600,1.6,0,0,0,0,寒気の移流
ガストフロント,2011/07/05 09:20頃,新潟県 燕市,詳細,F0,2000,2.8,0,10,0,0,寒気の移流
その他(不明を含む),2011/06/25 19:00頃,鹿児島県 南九州市,詳細,F0,50,0.2,0,0,0,0,暖気の移流
ダウンバースト,2011/06/21 17:20頃,栃木県 足利市,詳細,F0,1600,2.7,0,0,0,0,気圧の谷・寒気の移流
その他(不明を含む),2011/6/2 16:00,静岡県 掛川市,詳細,F0,50,0.4,0,0,0,0,暖気の移流
その他(不明を含む),2011/05/28 05時頃,沖縄県 石垣市,詳細,F1,100,0.2,0,0,0,0,台風
竜巻,2011/05/28 05時頃,沖縄県 石垣市,詳細(D),F1,200,0.9,0,0,0,0,台風
竜巻,2011/05/08 13時頃,岩手県 奥州市,詳細(D),F0,200,3.8,0,0,0,0,気圧の谷・寒気の移流
その他(不明を含む),2011/05/08 13時頃,秋田県 雄勝郡東成瀬村,詳細,F0,1100,6.5,0,0,0,0,気圧の谷・寒気の移流
ガストフロント,2011/04/25 13:15頃,茨城県 取手市,詳細,F0,100,0.9,0,0,0,0,気圧の谷・暖気の移流
竜巻,2011/04/25 13:10頃,千葉県 鎌ケ谷市,詳細(D),F0,30〜80,5.5,0,0,0,0,気圧の谷・暖気の移流
竜巻,2011/04/25 13:10頃,千葉県 柏市,詳細(D),F0,100〜300,3.1,0,0,0,0,気圧の谷・暖気の移流
その他(不明を含む),2011/04/16 12:45頃,福島県 いわき市,詳細,F0,100,0.3,0,0,0,0,寒冷前線
じん旋風(つむじ風を含む),2011/4/4 14:40,栃木県 栃木市,詳細,F0,10,0,0,0,0,0,その他(高気圧)
竜巻または漏斗雲,2011/03/31 09:50頃,新潟県 (海上),詳細(D),F0未満,不明,不明,0,0,0,0,気圧の谷・寒気の移流
じん旋風(つむじ風を含む),2011/03/17 14:00頃,宮崎県 宮崎市,詳細,F0,30,0,0,0,0,0,移動性高気圧
竜巻,2011/03/09 17:25頃,鳥取県 (海上),詳細(D),不明,不明,不明,0,0,0,0,寒気の移流
その他(不明を含む),2011/03/09 16:50頃,栃木県 真岡市,詳細,F0,30,1.3,0,0,0,0,その他(低気圧)
竜巻または漏斗雲,2011/03/09 11:30頃,福井県 あわら市,詳細(D),F0未満,不明,不明,0,0,0,0,寒気の移流
その他(不明を含む),2011/03/09 11時頃,福井県 坂井市,詳細,F0,45,0.2,0,0,0,0,寒気の移流
竜巻,2011/2/25 17:20,沖縄県 (海上),詳細(D),不明,不明,不明,0,0,0,0,その他(高気圧)
その他(不明を含む),2011/02/11 00:20頃,沖縄県 島尻郡南風原町,詳細,F0,100,0.2,0,0,0,0,停滞前線
竜巻,2011/02/11 00:20頃,沖縄県 豊見城市,詳細(D),F0,50〜150,3.3,0,0,0,0,停滞前線
じん旋風(つむじ風を含む),2011/2/7 14:20,栃木県 宇都宮市,詳細,F0,30,0.2,0,0,0,0,その他(高気圧)
竜巻,2011/02/03 10:00頃,沖縄県 (海上),詳細(D),不明,不明,不明,0,0,0,0,気圧の谷
竜巻または漏斗雲,2011/01/16 08:00頃,鳥取県 (海上),詳細(D),不明,不明,不明,0,0,0,0,寒気の移流
その他(不明を含む),2011/01/05 18時頃,石川県 羽咋郡志賀町,詳細,F0,35,0.1,0,0,0,0,寒気の移流
竜巻,2011/1/3 14:52,新潟県 (海上),詳細(D),不明,不明,不明,0,0,0,0,気圧の谷・寒気の移流
竜巻または漏斗雲,2011/01/02 08:21頃,長崎県 (海上),詳細(D),不明,不明,不明,0,0,0,0,寒気の移流
竜巻または漏斗雲,2011/1/2 8:05,長崎県 (海上),詳細(D),不明,不明,不明,0,0,0,0,寒気の移流
